Data da Notícia;Nome da Fonte;Título;Status;Motivo da Decisão;Lista do Gatilho;Palavra Capturada;Link da Notícia
2026-04-15 22:40:56;portal.trt23.jus.br;Notícias - portal.trt23.jus.br;irrelevante;Sem Termos TI;N/A;N/A;https://news.google.com/rss/articles/CBMi1AFBVV95cUxOcnlqbUdFWTRfWFVqemdVSURQWS1jeGREWWpfdUNQeDJtUEFQSFpuMGNNM3M5QnljNG9mTTlkN3RwaHdXeDlYNHRvOEV6WFpnUE9oYTZFcjVrQklkX3M4Z3oxZzV5XzlxbE1JN0dXR1Jud1BiLUFKMVFmYmp0c1lGQ2dXZ21lejdvSzltQ0pHUGd6NUp0NUJmQlN5Wkk2eklCYkRtcllZSjc3TVRkTl9RRmJNajA3NlpvR3E0a0Y1TDNFLU5lX1ZkZVF2YUJRUTZSRW1kUg?oc=5
2026-04-15 21:36:57;trt5.jus.br;Instrumentos substitutivos do contrato - trt5.jus.br;irrelevante;Sem Termos TI;N/A;N/A;https://news.google.com/rss/articles/CBMif0FVX3lxTE1yMGpaTG5JTFd2bWk1d1VBd0wxeDdSY2tNVXNVcnJIbFF0eVZJMDQ1eGYxMmR2Q1lTY1JjeEF1VFl4VlY5OE84SWxObURJRGVOajdjVjdyeGZXU3dmNGwxanQwTldLMmhPYnJuM0x4QndkQXdpSGhLV0p0NklVams?oc=5
2026-04-16 03:41:23;trt5.jus.br;Contratações Diretas - trt5.jus.br;irrelevante;Sem Termos TI;N/A;N/A;https://news.google.com/rss/articles/CBMiXEFVX3lxTE1OaTJxNktMWnJac2tnRUI5dlNPbHpLT2xtRXFkd0ZhQmtVY1hzQTVfeVRaZ0plRHFjYUc1bUVBSXhhejNRTWU1Sm5Mby1ZRVRKMHNfMkpJSjY5UGJD?oc=5
2026-04-15 20:36:11;trt5.jus.br;Contratações Diretas - trt5.jus.br;irrelevante;Sem Termos TI;N/A;N/A;https://news.google.com/rss/articles/CBMiXEFVX3lxTE5pY19SdldBcVdfVk5mZ0YxcUVFdE9xR3pHRFllNW1mYzNzOTVBNVhKRFA1LVZNMjZCVXg3azJUVjB2SEFyVmFPZDBGY0Z4NDR0alhwZjIwTm8yWEJI?oc=5
2026-04-15 23:08:40;trt5.jus.br;Instrumentos substitutivos do contrato - trt5.jus.br;irrelevante;Sem Termos TI;N/A;N/A;https://news.google.com/rss/articles/CBMif0FVX3lxTE9KZzhBN043YXBCUGJyeU9hT1lWeWViQ1hfNE9qWHJ5aXlGVjFhUV9MNjFrcVJoM243aEFRU1RxWGZLZnVDbXNMN3B4VmdDcnF5UHBEU3Juc050UjVzdmJQYi1ZbF9JSnl5c1d6Wk1aXzYzWHRoWmstRjdwTmZzSms?oc=5
2026-04-15 21:36:26;trt5.jus.br;Informações da Licitação - trt5.jus.br;irrelevante;Sem Termos TI;N/A;N/A;https://news.google.com/rss/articles/CBMiV0FVX3lxTFBzNUtBQ2pwdm1nS1o1VnRrTDVJOW9mYnJvdmVHSkc2cFFfUHJNYnZDN25xT29MR2VobWFlZDBvcXR0eVQ0bk0yYWp1VjRER3NRRU9CYXhtMA?oc=5
2026-04-16 22:38:28;portal.trf6.jus.br;Untitled - portal.trf6.jus.br;irrelevante;Sem Termos TI;N/A;N/A;https://news.google.com/rss/articles/CBMi0AFBVV95cUxNSkV6TWFhajRxS2RBWFM3UnI5cVkzN1ZsMUs0OHBvejFKNWIxamVUNnZoRi1kTndVTzI1UEdQM09NZTZ3MXFBcG1lTzRVRFdmOWlxQ0NhN3J5U0JZdXo5NjBraDNRZ1Q3dkFLNUlTbms5NC15SWpjZUhWbXlWYkdsZng5cmpfOVdzaDh6bkxVb05sckh2b1ZtTlRFWlBXNGdVTFlDUUV3ZU5Pb3NwTXd5OUpZRU5kRldCRXFhV3Byc0lIWEZVZjVpTTZxbk1fcnI1?oc=5
2026-04-16 16:40:35;stf noticias;Supremo Tribunal Federal - stf noticias;irrelevante;Sem Termos TI;N/A;N/A;https://news.google.com/rss/articles/CBMimwFBVV95cUxPbVNpeUN3ampQWnNSRGVVaF8zYlZwbWppRGtoOGVYZEI3eGt2ZlZkSG9JWF9WUVFHRm5iNUNMM2wxZHVrR1Q2VHJ0ZUxmOHpvV2xMMEdfenJTckw2MzV4MU4wQjU2eW1zeGtKWWpWQzZCSnJXNUF0NGpVQ1RmV0RSZjd6akNlTzBCeERCY0NuN1d3T3Q1SDMwTUx4MA?oc=5
2026-04-16 15:19:10;portal.trt23.jus.br;Notícias - portal.trt23.jus.br;irrelevante;Sem Termos TI;N/A;N/A;https://news.google.com/rss/articles/CBMilAFBVV95cUxPelk3NXQ1eTMwYzRlcWpBT1psZ3diaWo3ZHdjUkxpT0hCZ25hZGpFY0lsWTlMY0dZRHo3Y3JPSVQzSjdwcmw5VXRLZE1weU5ZNlBzMURIb3N3LWlROUNwNVlQMXROcEQ1RnZaUmNWWG5KY2pQT0tRazBkUUtLaDJFMU5sSnI3bWszdDNPeEFOUW11ODZy?oc=5
2026-04-16 10:42:47;portal.trt23.jus.br;Portal do TRT 23ª Região - portal.trt23.jus.br;irrelevante;Sem Termos TI;N/A;N/A;https://news.google.com/rss/articles/CBMilAFBVV95cUxQYlAxeU9YYmduSi1ZcllQbi12X2JyQkJYaGJHbHhwZXI0bGpzbFJTYXJ0b0xpa1BZZHluYzQwZk9HSVAtamVZTDR5MVN0MWdjVFlFdXZoRHhzNGo0RlExRmRWNlI3NnJPNm10Ny1KdWdNODVaQjRTQnljOG90N0lOaW1CRzk1blZmNXpKWkFWaU13SDFh?oc=5
2026-04-15 10:44:41;docs .pje .jus .br;Tribunal de Justiça do Estado de Pernambuco - docs .pje .jus .br;novo;Aprovado (Resumo);pje (Forte);pje;https://news.google.com/rss/articles/CBMikwFBVV95cUxNdlVJZkZwM3QtVThCYXBnUlNkYUN5TnJsWEQzaE5wc0N0WUJNWnZLV1FiNURlQUM2THo4R3RTenY0UFlQZDQ2TlJWUVg1WEM2QjB5c3czWnlzZzVzVjBSdm5zZEZyQTFVMTVqcDYwOXFDNVdsRjdzZy10LVBVR2RMTVctelVwZzhZNExWRzRzX1NyY3c?oc=5
2026-04-15 11:28:02;docs .pje .jus .br;Tribunal de Justiça do Estado de Pernambuco - docs .pje .jus .br;novo;Aprovado (Resumo);pje (Forte);pje;https://news.google.com/rss/articles/CBMikwFBVV95cUxOazZWNzdEdHE4ZDNPdkwwMDRtbXF5YkVja2FmQUFKams0bkZqZUl2M01JUnB2cS1hXy1HQWF6azV5a0tRNFBFa1ZWRGhUX1NhekFWQ1lkeHc5VDE5UHc3VFFEbXM3MGVNMFAyUGhQaVA5bDRaRGRPc3NSeWFIc09FQ1ZBQ3paMS0zSkxPNjNPbDhYNHM?oc=5
2026-04-16 16:30:52;trt5.jus.br;TRT-BA participa do Mutirão PopRuaJud em Salvador (22 e 23/4) com serviços trabalhistas - trt5.jus.br;bloqueado;Blacklist (Título);popruajud;popruajud;https://news.google.com/rss/articles/CBMiqAFBVV95cUxPUnlmai1nQzI0OV96el91M2hteUM5S3VrbVVGRlpiMVJGVERVY292aTQwb21WdTRyNXh6VUZtS1JBajl3R3lTRHFQb3ZtckUyQjNwcTRpUFBvTVU5dEZHdlZTaEdTSFI4TjlxNmYwX3dGbFlRaHpYTUFNNEFnckhqdTJIVFZUSWdMaHItTEpiaTFtb2hlUEQ5WHFla2JXTG5DcEcyRF9WZS0?oc=5
2026-04-16 20:34:02;trt5.jus.br;Notícias - trt5.jus.br;irrelevante;Sem Termos TI;N/A;N/A;https://news.google.com/rss/articles/CBMiWkFVX3lxTE9ld0o1b3ROcnprS2pQOHJlNy1WVTl4eXM5YUVrNTAzbEdtMVZxRkNkS3BoVnIxaU9JZ0l0MFlpNWU1c29ydkliTFhodUZKeE4wZXd6N092a3ZSUQ?oc=5
2026-04-16 11:05:59;TST;Usina é responsabilizada por morte de menino de três anos em desabamento de telhado - TST;irrelevante;Sem Termos TI;N/A;N/A;https://news.google.com/rss/articles/CBMirAFBVV95cUxOeGRyYVlQekFOWmgzX2c3bmZNSV9BYktrVUxySmMwNzl2YUhZaHBGclNLU0J2R0JLSFlYdk1lNTEtOUVXUm5fdW1rcG9IYVIzWXZKNzhCOG5wSEVqZEIxMFp5WjZHSUpFLXBzSjlYby1MQkkxcEFJYU01TFRLOGY2Tk8xcE5pYW05bzJDaWpONmpSbXc1aVFadzhobEd0RG0tR3pEUHRLOFprWDFn?oc=5
2026-04-16 11:00:59;TST;Enfermeira e advogado são condenados por uso de precedentes jurisprudenciais falsos em processo - TST;irrelevante;Sem Termos TI;N/A;N/A;https://news.google.com/rss/articles/CBMivAFBVV95cUxNSk1kWVctQUNVV0VyelUtTmxKdEFrZlktMWNzeHhWeERVRjRHeGZudDQ1MTRBbmtQMlRybHJxOXRDc1VfUjZJa0ZXaFhneFVMWFZBdk9zRjZHZ0JyNzdOa0pja0l2NmhFV0xlOGlxV3U5clFPenFIQ0MxVGtZRnVkX0JQZnpKRjltUWJMazRKWGUyUTZkYXE5V0dTQVFwSF9MU05tYlpCMzhPeEJyTXFfRjYtSVZLekFpcVFITQ?oc=5
2026-04-15 18:26:00;TRT4;Acordo na 18ª VT de Porto Alegre beneficia 1,8 mil trabalhadores(as) do antigo INPS - TRT4;bloqueado;Blacklist (Título);acordo;acordo;https://news.google.com/rss/articles/CBMib0FVX3lxTFB3ZWVxZHBXRGhpTDdCVmJRZl9pUk9zQjk2V21nUEJqZjlJdDNBMzZSMDBhZ1NxQjlRTGpiS1hEXzA3NTVBV01JM2kxdU1meUxVeW50R2Z0VEhTTzZuWWMzenJoaF9sTzJxNExiYjNwaw?oc=5
2026-04-15 14:34:00;TRT4;Auxiliar de limpeza assediada sexualmente por gerente de loja deve ser indenizada - TRT4;irrelevante;Sem Termos TI;N/A;N/A;https://news.google.com/rss/articles/CBMib0FVX3lxTFBqTXYzLWE0OFZmQ3BlenlTanpubmJtdkl5dWhRTHFqTGRLNVZRb0c1TTJMQVhTNnFEdkI0S2d5R3Bub09BVWNYR1p6R3JHYnk4cG1udUpCUkM3Wi04RWpMSVRjazZxMnFqZlJDUmRmTQ?oc=5
2026-04-16 16:40:43;Portal CNJ;Programa do TRT da 10ª Região leva informação trabalhista às ruas de Brasília - Portal CNJ;irrelevante;Sem Termos TI;N/A;N/A;https://news.google.com/rss/articles/CBMiowFBVV95cUxQWUJCdFlxRVYtcUVUbENQOFVITUJmVWN0OV9jT1AzUXZoT0I4UTJmeFdES25ObEhYLXNuNGVXQmxQRHVkQUdxaHk4ZndaODl3OFZnSmI3MUVLUzJ2aVR3WUFNUXV5ekxhUUgyckI5Y05PQ3BKUGJZREVnOXdILTdwS3MyRVE5U1liVk9Ta01iMTg0SzI3YWFSSWk5SHNfUGdFS2h3?oc=5
2026-04-15 13:19:40;Portal CNJ;Pop Rua Jud Sampa 7 e Registre-se! atendem mil pessoas no primeiro dia - Portal CNJ;irrelevante;Sem Termos TI;N/A;N/A;https://news.google.com/rss/articles/CBMimAFBVV95cUxORkFKakU2dkZmcGR6cUlKaE9FMEtKclBLUW5wRS01cjNQSzdPNkxxTFQyc3ZnVktBQWV4dWszRTdpanZYb1NoTjUzSTF5MDB3ZWhDN3dZMUR2TFV6UFpmZVVLWkRvZldZb1BCLW9BS2NPRjRQTXE0NUhDYjNMNEVHTlBncm5OckNaYXJUYnlxa1lWbk8yQlpSNg?oc=5
2026-04-16 15:55:40;Portal CNJ;Justiça Eleitoral do TO orienta sobre inclusão do nome social no título de eleitor - Portal CNJ;bloqueado;Blacklist (Título);título de eleitor;titulo de eleitor;https://news.google.com/rss/articles/CBMiqgFBVV95cUxPZmNqMFFwdTBNdGZPQ2MwOXNKUV9ZQTNoZXdJYmZHTmhQWjNaU2pvWDE0UEJuWmxJdllNbmhtWkdiWGgyM25uSkRwZE9fTm56QXhxZnNOQnJkY1I0Si1tajRBR21XX3RoQk4ySTNCWnVZV1Q5eDhad3hNU3c2a1N2SzliUmF3NlltaHlsSm9GQjRuMThqemNIUE9SV0JJV0JEWkxIeXlpZkk2Zw?oc=5
2026-04-16 15:55:40;Portal CNJ;Federação das Indústrias firma adesão ao Programa Novos Caminhos no RJ - Portal CNJ;irrelevante;Sem Termos TI;N/A;N/A;https://news.google.com/rss/articles/CBMimgFBVV95cUxPZFZmZTdFSFB2cjlEREZOcE1RQlJtZEVGa1dMSEotTEtFcXZyNG85MEhPeUxRMzVaaWZhWXhITlF0NnhZRUw5UURVbjI1UHhBSElVd3VNNWdiUl9CWU8xYVl2cWVYYVhsd3ZpZ0dfeDhIYy1qdFg4a0Vycy1ZYWtLSzRLQWVKX1JmUm1BckpmWWVhWHJCQktiREtR?oc=5
2026-04-15 21:00:08;Portal CNJ;Repórter Justiça destaca combate ao sub-registro civil para a cidadania no Brasil - Portal CNJ;irrelevante;Sem Termos TI;N/A;N/A;https://news.google.com/rss/articles/CBMiqAFBVV95cUxPTjZwdlRFV2FJb0NBWGo5WHhRRmVwSUZqekEwbm92U0lSTlZCOUJZVGVLeUFWRnRfUzkyXzNKUS1maUk1SmlBSlpndDc2a1I5TDFMUjY3WUlfNF81clNwdE0tbjZvaGd4MW5EdUcyVUM5eXFuRFQtdFNHTnBCYUxQVEYzUEtmdFd5aTJmbTlLc2N3RFdHVzJENE5ZWjJ1SlN2dTByRHN6aFU?oc=5
2026-04-16 16:30:46;Portal CNJ;Justiça paranaense assegura acessibilidade com audiodescrição em sessão do Tribunal do Júri - Portal CNJ;irrelevante;Sem Termos TI;N/A;N/A;https://news.google.com/rss/articles/CBMiowFBVV95cUxPNk9IVkxnN1JNU3RfQjcwRVN4TE5TNHVaR2FVVDlVZXN2V01zVTNwUzlISkN2NGoyakJ0bGhDZ1NMemxiVHpvcjRWeG80aU9TeFVYMjlUcTR5MDlUb0MzbEU2dTVDeS13ZnlpVy1wRkpuWUhpUS1nTHpIbnJqdWRGWGJxeklKbkd5NWVyMlAzbk82dFM4R1FzM0FTWjlmOU4temFr?oc=5
2026-04-16 19:49:28;Portal CNJ;Imparcialidade no Judiciário exige reconhecer desigualdades e diferentes vivências, diz especialista - Portal CNJ;irrelevante;Sem Termos TI;N/A;N/A;https://news.google.com/rss/articles/CBMiwAFBVV95cUxOUW5zOWRGTUJ5d25yZkdQbHNhcmhjTlpTUFpMVVJHYW9Za2x0bGd5NzJWX1ZlSXhrdFlFdnpVaEdOT3lpZ0YtX0FGN0hRZ3BHRld5ZkZmNFNveEg0cXFhRUhNNjlrM0lvYUVSYnpGSmNuU0p1QkFaU3NrZjh2X2h2aHJUZXhFT2QzbWo2VkVqQmt1QTN4aDhiZFdydC1UYWVILTR4VzB6WldiTl82WnR4dUVDRFdTQnZPUnFzNTN6SVQ?oc=5
2026-04-17 10:54:55;Portal CNJ;Corregedoria Nacional de Justiça marca presença no quarto dia do PopRuaJud Sampa + Registre-se - Portal CNJ;bloqueado;Blacklist (Título);popruajud;popruajud;https://news.google.com/rss/articles/CBMiugFBVV95cUxNeFRmSkZZekp6a0EzNk54amZQemdLQ2ZUSWFYbHEzUmRmWl84SWpxWXc0NWhxQW8telVtVS1vOXBfMjJoODd5UWhOenpBR0ZZRlVtcVZ1LVQwQjhDMmxXTlczcmtubjRSQmhUdDZyQkZ0SHAwZlQtS3Q1Y1lUVzlGdE9ZRW5TUEhoRklCTXM0anlIS0RjSzVKTldmMHN4enUzSkZpUm9ZSEdsOHlDazdBbDIyY3FkcVNIQ0E?oc=5
2026-04-16 17:05:44;Portal CNJ;Justiça do Ceará adere a protocolo para proteção de crianças e adolescentes no meio virtual - Portal CNJ;irrelevante;Sem Termos TI;N/A;N/A;https://news.google.com/rss/articles/CBMitgFBVV95cUxNREF4enZqY3VaUm1NcXNGT2pnSGNFNW9vWWFvZHpfelFUQnJJY0tFanVYWDNvQlJDUE9fbXQ5Rm82LU9IS3d2UktpZ01HaUpndmN2bUdZdlVFWmFOSTFvMEd3UG81ai1yWTJYemUtNWREbjE1T2RIUUhWZ1FGTEhVMm0wS1UtYkkwR25IVVE5OGJGU3B4S0E1VlhSNWFpVUQtRnhCaEs2LThVZVVmU0tfTWFyWVE2Zw?oc=5
2026-04-16 18:37:06;Portal CNJ;Termo de Cooperação Técnica n. 14/2026 - Portal CNJ;irrelevante;Sem Termos TI;N/A;N/A;https://news.google.com/rss/articles/CBMiowFBVV95cUxNZjlDRV8zaXhfNVY5cmlfUV9aQ01ra2Vod2VDRmM4MDlFTnZHbGxuRXVXZEM4S1QwbTQtanR0NEJia3RVb3F3R2k3enpEbnVsajJGZUJNMkpMX1VqSWlHRUdPYm9nUDBqcWRERFRCQU9CUnFnRXdHYXY1QTdFXzBUS2dXSDJrY3pLR0hwNnVlQVdCQ210ajQ1M1BpR3pLUWd3a2hv?oc=5
2026-04-17 12:15:50;Portal CNJ;1ª Edição - Portal CNJ;irrelevante;Sem Termos TI;N/A;N/A;https://news.google.com/rss/articles/CBMimAFBVV95cUxNUDN3U3prR2pXZWJQYnZYbW51dDlQMFNvbkdkTU9US25KRl93M0o0VVJmUkppaUxnd1cyR0dDMUFBb18tOExKRm5TREdsOEJ1Z0QyNE1JMTNiZzdsOEJaRnNRLTNLc1g1dC1HUzRCWG1wdGJTOVRuNTB2SmtseEZWTU1kNUxUeU5iTlFBMVVxMGY1SzlibEMxOA?oc=5
2026-04-16 19:14:36;Portal CNJ;Elaboração plano de contingência socioambiental é concluído no Tocantins - Portal CNJ;irrelevante;Sem Termos TI;N/A;N/A;https://news.google.com/rss/articles/CBMinAFBVV95cUxQaTBYb29mQk5EZDZCZ3lCczFNeHBaRTlRV2F4SXNlaTRhSlM0dkxoeGpKNGdjMElrNE5PbV9SQkdoMXJnckdDeFVxVTJsU1hpOFl6dkV3YU9zbW9SQmtkOFNKZTlwanktVll4LTdFRzA5bFpkQnJFODVKREtTYnFqQkRucnZfNzJMVTltM09HUkU2S1JHaTFxNzh2V0I?oc=5
2026-04-17 12:15:50;Portal CNJ;III Semana Nacional da Regularização Tributária - Portal CNJ;irrelevante;Sem Termos TI;N/A;N/A;https://news.google.com/rss/articles/CBMitAFBVV95cUxNMDVJWklNWlFKODFJRm5nMjdXcHdKV0I4dzNVNDNmMmYxZW5TWE1jVGVUVG9JWXFEMXdvMEpyN0VHY2ItNzhyeUlLNVkwVjFUcnhtUWpnSDRxOGxoSUxQRVVOaTA1U0J5NHBEcVh0WklobXJCYW9rMXZLeG8zdFpQWHZ3OTZzdUZ1aXc4N2ZmLXNhWUNDMTVqUWpCQTF5OU52NEVXdmwwQ3BwNHhjdXoydnVuVXo?oc=5
2026-04-15 15:31:07;Portal CNJ;Judiciário lança informativo para fortalecer práticas restaurativas no Maranhão - Portal CNJ;irrelevante;Sem Termos TI;N/A;N/A;https://news.google.com/rss/articles/CBMipgFBVV95cUxNWmZobFExQ3dNZkR5RUJ5a2U1cS1tXzJ0Y0JzLVFJRDZuc1NhLWdMSlZUVlh5SnJOem1Fa1ZnR202ZjgwOGJNTEhaY3VUY25OdDJZQmlhQmk4dFh3VUNHQ2tLYVhneFZCRzZISzZlLXNSVDlaVU9zcXMydXJuWDdEX1ZIYS1BQ0R2MHNvX0E1cjBLQVhXU3RJWThHWkFDcEZ6dnFmUkF3?oc=5
2026-04-17 12:15:52;Portal CNJ;2ª Edição - Portal CNJ;irrelevante;Sem Termos TI;N/A;N/A;https://news.google.com/rss/articles/CBMimAFBVV95cUxPMUVTaFh2MXZYbTJsaGR5SFBUaGdENWxEeE1PMk15bGpMUW1IV0hsM0RVSHVtUnZoMUlSWWtsR3pHMUt4SjdwNkQ5Rml4Q3BmbmpJbHk4NG44OEZvTGdDUXlJQ3lWaEFXTkNiNmNjY1ZISTRpNlpfUmptc094NHFWUnI3Nms4Mkg5cDl5bUdnWEFGOWYyTEh1Sg?oc=5
2026-04-15 16:54:51;Portal CNJ;Curso aposta na participação feminina para fortalecer o Judiciário brasileiro - Portal CNJ;bloqueado;Blacklist (Título);curso;curso;https://news.google.com/rss/articles/CBMiowFBVV95cUxNZV8xZWNHRXhqd3YyaUFyQzFvZmoweHY1MU1VTEVNVDFramhRQ211dDFRLW5hTTAzMHVZUDBETGYtMXV0Qk9oOXg4TVVEc3l6akRDcDJaNnlmaC1PbUl6dDRveWlDSnkxSU54RGxXVjVZaGRnRGFSVHA4djdBd1dxelhJb3VlakJRcGdPSE83QzVQenRveXN3TVkyakZLVGNiZlRZ?oc=5
2026-04-16 17:45:00;Tribunal Regional Eleitoral de São Paulo;TRE-SP publica nova nomeação de analistas judiciários no Diário Oficial desta quinta (16) - Tribunal Regional Eleitoral de São Paulo;irrelevante;Sem Termos TI;N/A;N/A;https://news.google.com/rss/articles/CBMi3gFBVV95cUxPclVIb1J2MWtMYjJhMW9HU01ObTFaekM5U19vM1pSNkFkRTdjdnRMOWlOYVdBWVgtMTRPc2NyRnJmWmEyNGk1Sy1xcGR0OWY5enFHdUhoSnhCR3AwQWRyOWZ1TnhFZWh5ZGpLMkRJQzJTWWtXMXU5M0RYQ0p6aVdaSl9NaWFWZm5INDhqazUyazFCZ1JJNnNLblJFWW9RRUNqYXU0TklmcVVkbURLWVVjcDJqQUdLLXJLT0gtSS1RaTVwWmNhTUlBa1FPOGcyMTVLV2FZZDM0b3ktc09UOXc?oc=5
2026-04-17 12:24:46;Portal CNJ;Massacre de Eldorado do Carajás: CNJ reforça compromisso com a memória e a prevenção de conflitos agrários - Portal CNJ;irrelevante;Sem Termos TI;N/A;N/A;https://news.google.com/rss/articles/CBMiyAFBVV95cUxPcHY1bENHdk1rMi14YmlOU3dPUE1wOFVfSjdMODF1UjlPQ0ZIZ2xHSW1kTFFwNFhQS3pDN1VQblhDNW1MTFh3Wm9Ic3BRakFHNE1vRmhOMmd0eGwxUklNSktTbTQxb1VQUzRjS2VGZWRwRGN3eG0xcHV0eWhnODNWMEdlSnlCa0ZTMTJlM2ZVc1JUWTUyNTg3dmpQREJubEV1aWtvcVhaM0lDcWFhY3hpbFJXczlZZVVNWUZPRjJvZm5icnBsYXViQw?oc=5
2026-04-16 16:05:42;Portal CNJ;Pesquisa sobre IA generativa e lançamento da Sinapses 2.0 marcam programação do IAJus 2026 - Portal CNJ;irrelevante;Sem Termos TI;N/A;N/A;https://news.google.com/rss/articles/CBMitAFBVV95cUxOMmF1SUVaZ0l4T05GNERoUGM5a2JzbGlUdnZYSlZ5dnRZaERkZnhPVTVIVnlVR1h5SjdhV2p6cXBXVUlIQWc5cmN3Yk5qUF84WlJyMzdFTy00TzM1OWVPMXo1bXNqSDRwcmdMdDY3V0QtS1pUWEg2UTJhalNzRFZibFFqQTNNWkhOcG10bVlTaG4tQUh2US1va3k1R3M5ay0xNXJpcHRhN1ltMFk3YzM4ZThiRlQ?oc=5
2026-04-16 14:00:39;Portal CNJ;TJ da Paraíba adota modelo Logística Reversa em todas as comarcas - Portal CNJ;irrelevante;Sem Termos TI;N/A;N/A;https://news.google.com/rss/articles/CBMikwFBVV95cUxPRzd0WFBMTjFqS3VHUmdhVWdUajlLVVdoUmUtcWp6TTJ5cXBuNTl1Yk0zelZLNFlqRHFDXzkwek53SW5BV1hJd3BISGNjNDE1bWJWbmwtWTh5ZExrNVpVTTVkNVhUUTBSU3hrUFlrb0pjSTZUclVLekRiX2ZIenlGWkJpR1I2S1FEcGxiNWExQ0o4Qlk?oc=5
2026-04-16 23:39:49;Portal CNJ;CNJ e gestores discutem padronização das diretrizes para o pagamento de precatórios - Portal CNJ;irrelevante;Sem Termos TI;N/A;N/A;https://news.google.com/rss/articles/CBMiqwFBVV95cUxOM0UwVXI0SDlPWTZVMTRZdTN3Wm10Tm0yYy1wZDhSZHJ3N3lRNGFXSTJIMkRUQkxEWXV5TkMtWUROUzIyVEVRaDRsdUg0UU1yQlA2RS1YZU1fLU5RdXRSbXJqYjlvbGxUbEVCXzE4R0E3YmduVDBqOVlkU3E1RkRKWUpSWG1SUlVvRzVpUWhMQm04SWs0R1QzMm9wVXdxSlBGa05ReFVfMDJ2eEE?oc=5
2026-04-16 14:05:39;Portal CNJ;CNJ abre inscrições para 2ª edição do Programa de Ações Afirmativas para Ingresso na Magistratura - Portal CNJ;bloqueado;Blacklist (Título);inscrições;inscricoes;https://news.google.com/rss/articles/CBMivgFBVV95cUxOeUtIT0pYNFBZSDJFM3FaYlRsaHYxcEgzb1JnR1BNQVZoNFp2S0VkUnNzU21XZjFab1hzRGVMVDktWEY1VEM5NEkwY0lQeUtLYzAxeFhqRlJSNmFmYVRlbm93UDB5R205RTc4TFMySWFLM3d0cG5LU3c1eDZGU2Q0SmU5dkQyVzFDbTZMS3NEQmY2VnEydjFCLTNQeFdFQWF6dkRRcFczWDhmRUhEOFU5UmtLSFRQeXNjLXdyV2p3?oc=5
2026-04-15 17:24:56;Portal CNJ;CNJ informa sobre manutenção em infraestrutura de TI nesta quinta-feira (16/4) - Portal CNJ;irrelevante;Sem Termos TI;N/A;N/A;https://news.google.com/rss/articles/CBMiogFBVV95cUxOZHlvYVJFTUJ6Rjh3cDVtend6U0pjV3h5TWZQajY1a0hPQlFhcGp0TjJvNkhzVEpDRVZPRWFTVzBlTGY5TF9iRGxVdEJySkMzQTVhMW9xS0txV0Fqc0FpMERPc0pFTWItaXItbFJoV3lSOHU3aW00TUNXSFQ1RXlIUXU1Q2E0SmFxM0tvOTR0RUozU1hsNEI5YzFTUFlnWnY1eWc?oc=5
2026-04-15 23:03:09;trt5.jus.br;Contratações Diretas - trt5.jus.br;repetido;Já Existente;N/A;N/A;https://news.google.com/rss/articles/CBMiXEFVX3lxTFBiNVNlMmxSb1ZtQ1llZHR3UEZLVjI1Sm5xVFBSeGlqRVFwb3J0d3NUZ1lvNDNEYjlSUEN1Q3l2RVdXRXEyMzd4bnlST1JRQXdqY2xSQTduNk5idm5v?oc=5
2026-04-16 00:03:53;trt5.jus.br;Contratações Diretas - trt5.jus.br;repetido;Já Existente;N/A;N/A;https://news.google.com/rss/articles/CBMiXEFVX3lxTE84bUFlcjEtSVBCb3JTa3lqUWpoTmhUOVphaVQ3Nm1lUV80dFg0N190MngxcnZlajEybDlzX0xkcnM1VjZFYTJMcWxKS2ZIamlRd1Bad1hmSDJhcU5m?oc=5
2026-04-16 14:46:00;trt5.jus.br;CLC - Resposta ao pedido de esclarecimento n. 1.docx - Google Docs - trt5.jus.br;repetido;Já Existente;N/A;N/A;https://news.google.com/rss/articles/CBMi3AFBVV95cUxPOHA0c2VRWENMalZCUmthYUV4UWRxSkJkblNzUG5rdVpGZFBmd0kxb21WVVZNZlFMaDlCZEI1dklVV0M3VDJZMDlzZVlNYTZqLXlYaHJWRVhOX1h5dzU5cFFzaGs3M015OHdBMGZpczN5QUZjVmJzd3dUbmZ0c1FKNU1TS0gyZWM5NzlCTFA3Nk1Rc1BvVWlhUFUtRWFpUkl5TVJsZEFJMDhFQUlKVE1pUDc3czk0ZEVDTFlwU3lhZk1SVG9kWWM3dWFhVnJZWHJDbVNmLVNaMHB3Mnd6?oc=5
2026-04-16 17:25:00;trt5.jus.br;CLC - Resposta aos pedidos de esclarecimento n. 2 e 3.docx - Google Docs - trt5.jus.br;irrelevante;Arquivo (não é notícia);N/A;N/A;https://news.google.com/rss/articles/CBMi3wFBVV95cUxNWFR1ZzVLNlVteDNsMjdrOVhra3hBX0p3TzlhWHMwVmtqR2FoQXMzeEdhMDV5X2IxS1lHQ3lHcE4xRW9pN3hLN1otbm5HaU1YMm1PYUtXenpOb3BSRzgtQUNkRU1ja1ZLZFdlRDVYRXpIWXdlcmV1VzltRHlqdFI4VnFiam8xZWFHVHJRbkJaTkVSWGJUc01VaEZJY1k1RHA4MHBCOG1OTFl3RUZhUEozMHQ4cFJseTNiUXlDbzZCSW1SaFlDVTJqOEpVcm5IY19udGpMXzBpWTN0NlZhOVl3?oc=5
2026-04-16 18:01:10;static.trf2.jus.br;Dados da Gestão Orçamentária e Financeira Mensal - Anexo I da Resolução nº 102, de 15 de dezembro de 2009, do CNJ – TRF2 - static.trf2.jus.br;irrelevante;Sem Termos TI;N/A;N/A;https://news.google.com/rss/articles/CBMi-gFBVV95cUxNZDVVSzlDZUdUeGo1WElmM2hKTnhiTzQwaG5UT3BjV0FTMURzcXBkMTZXTUxBdEdjb1B1Q19zU2NxbTZVOFFtUFlxYmZBU0V6enlfVzF0Mm1RU2RpMU5HeUVIUnA2VVN0TVB4ZzF0emFVd1JOOWpza2lkdkZsTkpGZlI3WG1yRXQ2N1JLZjBzX2tnb1NRMmVVMkRqOFBBQ0FqRWd3ZmpRVngwM2hJTFVURk85UTlNQlZ2YWkySEkwdjQzS3FxVVBvSjFFeU80Rm8wUndpS1lMR0xLajZQVlVSNDZfZUtlNTJWelhJR1RCdXI1N01zbnRwZHR3?oc=5
2026-04-16 11:59:35;escolajudicial.trt5.jus.br;Relatórios sobre os Objetivos de Desenvolvimento Sustentável - ODS - escolajudicial.trt5.jus.br;repetido;Já Existente;N/A;N/A;https://news.google.com/rss/articles/CBMi4AFBVV95cUxNVktIYmNJREJmcnB6cktjX2pMR0xSelFERXloZ0FFZjU3czlVaDVNMXlMTFNqeWdqek1MOFFnWTVrV0FUT042aTZ3NDVUOWh3Xzc2Yml3SXhIb3lYbVlheERUT2t0OXY5ejlxVzN4Q3IxUlNoT0M1aEppRXBkZmp6d0JRNWxOVXRtRld5TmRpSmxaSGx5S1Q1aUdUX0NxTjF0VDQydjVvTFlFLWFaME5LWl9xakNnUVVOa2pNQUItVHQ1Vi0wa09CQXRkZEM1Sy1lek5uYmNjYU1jSzd0SUF3UQ?oc=5
2026-04-15 12:18:02;docs .pje .jus .br;Tribunal Regional do Trabalho da 5ª Região - docs .pje .jus .br;novo;Aprovado (Resumo);pje (Forte);pje;https://news.google.com/rss/articles/CBMikwFBVV95cUxOSklpczhnem12UlFtc2RmODIzS0c2N3lTc3pkSlNFYk91N3lxM1R6d0kxdVJOYk5YWll4VmtWYlBmY3NBSEg4azJPV3kxZXA5NmE4UTN1RnFJOG1ydEFHLTg0LWdEc2J5cDdGZWJlSlVfSjBiRFEwYXpBRnd0WnJMR3NvcFZXeGRtWk5nLXR3VUlpR3c?oc=5
2026-04-15 13:08:03;docs .pje .jus .br;Tribunal Regional do Trabalho da 5ª Região - docs .pje .jus .br;novo;Aprovado (Resumo);pje (Forte);pje;https://news.google.com/rss/articles/CBMikwFBVV95cUxPczJSTnV6b3lHM2o2YTl5NDdBVV9neG54OG5CMG1fNjk5QXRFVUpJdkxQeTg3eHFUaGVNdlVxS2dqUkZacF9KTjNFMVpvNlltSXljZEJXeGlxY1NCZDhsVHFUeTVySDlUMWVOMTVSLWJCaFdaOExFYW16M2laU3VCSE94cGt4NDVaUnBpZXRyVTJKUFk?oc=5
2026-04-16 14:00:00;Tribunal de Justiça do Pará;Comunicação - Desembargadora fala sobre Encontro Nacional da Memória do Judiciário em maio - Tribunal de Justiça do Pará;irrelevante;Sem Termos TI;N/A;N/A;https://news.google.com/rss/articles/CBMi6wFBVV95cUxNaHo2MzhPX1ZQVHpHN1QtZm00VDlOVTNIS2NPZ25RX0xZeWdoaGd2VXh4eG51Z1hOT1d6OG9Sc3F0NWZ0S0NONlBhbWZadDBoem5QU0hQOUt2R2RaN2dGZkwwLUNBUk85cTRXWjFBc0pVMnF6blc3RW5JaktqNFo3ZktrdjRYY0V6X2Y4a2ZOdzhMQ3VESlo4SktKVWNrZVlIcmdUTXAxSmEzOWJBLUZHbUVVV3p4V3dXengyV2xxUWxVT3psRUF0MFdIT1hRX004aDVCRGhCQzJuQUJOWXc4ajB4anZLcW1yVGRv?oc=5
2026-04-17 02:49:32;Tribunal de Justiça de Santa Catarina;- Tribunal de Justiça de Santa Catarina;irrelevante;Sem Termos TI;N/A;N/A;https://news.google.com/rss/articles/CBMioAJBVV95cUxNT24za2s4REZXN2IyWEFtcFQzRDdlSEhSdGJxWUJjMWtvNU1jZ050NVRZeDJTbm1xS0NoUVBKQTNIWlVRNjJyZGI1cGE5YWpSdTRkSk1SVHRVRk8tb3pBUmQ2Unp5Tjh1dk5xUXQzXzBSbkx2YjYzeUVMU2UyRUFxN2JsTWlkTUNIamhJSUM5UEVwbzRpc05VdTU3c1RpMjREdE81T3ZqWW81RjFQVy12Rzh6enFEdmhYZ0oyb1hvMms3ZUFYTzFMTG1vMkM5MGRRdV82OXQ1MDBwQ0pkVzEzRmY5Z0x2VXdqZjh0aHkyLUNxMkJiam9FUE1fNTh6WURxUkJfZWdrSjRGb21ISEd0TWViWUZpRlBFMTdQb0NROWI?oc=5
2026-04-16 14:07:00;Tribunal de Justiça de Santa Catarina;Mulher é condenada por explorar jogo de azar em estabelecimento aberto ao público - Tribunal de Justiça de Santa Catarina;irrelevante;Sem Termos TI;N/A;N/A;https://news.google.com/rss/articles/CBMi7wFBVV95cUxOLTdJWDQ0LWpwYkhyTFN1d1dCSEloOFRHS1AwRHNwVVBfZExTallHdEhqSEpnVi1mMUR3dDhSek1mZXg3QjZQYlRwMFNXR0pIUjg2MUs2NWVaa09JbWM1bzJlbWlpaVJjTzdickhIT29UbV9tVkJJRFJZY243djlvcGZHaXJaX3EyVmNfeFdGMElOdVlDVVNhcF9BVGg1cTdQZnR3UGtpRDNQTnBzWjFSM1NTcUwyd2NWcDlzWXBTaUhZczV6TmYxLWhhclR4dkNHT0cxd3FveG5acWNWemtQcXd2NW1Fd0NQU0U4VE1qcw?oc=5
2026-04-16 20:31:00;Tribunal de Justiça de Santa Catarina;AJ oferta curso avançado de tiro a magistrados e servidores do PJSC - Tribunal de Justiça de Santa Catarina;bloqueado;Blacklist (Título);curso;curso;https://news.google.com/rss/articles/CBMi5gFBVV95cUxQdmJsTmVOT0NJMTVVeUZzS1NwZHRJQmRJb29XRExkWW8teEpCTlB5N1lZM0xpUUxLdndsRDlvbTJkU0ZTQmRDVTlNQjhlampOY2JIVXpXNU42cmlaVlB6MkpwTW9keGZQUlM2ZXVXVEFUTDU4QTJJM09KWEhzc014MVpCaTR3V0thaXdQZmZnaF9RWW54VE1rNndWT1RJSUExczQwdXphNzl3ZEdQTm5MUHNyblFMRk5CQWtTek5JWlAzbG80ZmRXY3V6R0Y2V1RUSnFDOF91M0RENlIta0RpTW9kTEItQQ?oc=5
2026-04-16 18:27:00;Tribunal de Justiça de Santa Catarina;Laguna e comarcas do sul recebem o curso Treinamento Básico de Atendimento a Emergências - Tribunal de Justiça de Santa Catarina;bloqueado;Blacklist (Título);curso;curso;https://news.google.com/rss/articles/CBMiggJBVV95cUxQNXF2NGNsV2xuUkJUMEo2OEZMQlBOOW1iOFA0NjBLVVlDazlwdlZpV1JqU2JBeHpTT0xINl9WcHNJZTV6VTBYWEJfVndZMFFIMUlYRWhQYWJNd3hyM0EzRW51YklTUFoyV3Nqc21TSVNSblhISXV0NVd4UnZoNkR6aVR6ZG9nd2lJZVBvVUFMMnNJSVZ4TGZSeEFyLWFEbS12aHhkYnIxelVCRmMycHB0YTZvTkhsYUhIeDNuMHYzTXVkZ05QdTNoRlJoZDdFWU9HR1J3ckp2SDZjclhRNl8tYWw0YlhEZXpVRnk4UVE4aFVrdmtSVDFRN2N3M1V2UDdDS1E?oc=5
2026-04-16 20:58:00;Tribunal de Justiça de Santa Catarina;Inscrições para casamento coletivo em Florianópolis seguem abertas até 30 de abril - Tribunal de Justiça de Santa Catarina;bloqueado;Blacklist (Título);inscrições;inscricoes;https://news.google.com/rss/articles/CBMi8AFBVV95cUxNZnp1V0VGU2pTX0pvX2txcmZyUTdET0JLeTNfRm9oTnNpdUg1ZnBVZjNOTDI3S0YyNVFhUE1WX3FGUHdyOVRlSWZCeXBVeGpKSDNhR2F2dnNkZzZBSVp0ckc1YVowcVBBTWV2Wk1PYmVYeUdCWUVSVmVkcElMNUlvcWNueWRfdTNiUUprWHVWSm4zSzNTbjBTQXJkaS13ZXFmY3A3QjlrRFd5b1BJT05Fc0JKaC16Nnk0enJhN1ZRMjBESkFHelFiemY5TXBfaTFWNmNpRUx5SUJ5eHdFYUVqMU1IX0l0U3pJR3FxU0szTkI?oc=5
2026-04-16 17:38:00;Tribunal de Justiça de Santa Catarina;TJSC distingue ingresso solidário de meia-entrada e reverte pena de empresa de eventos - Tribunal de Justiça de Santa Catarina;irrelevante;Sem Termos TI;N/A;N/A;https://news.google.com/rss/articles/CBMi1gFBVV95cUxQek41NkxyZnQ5UVZfSmtodk9zMkFYRGUyXzkzaEhRdExBRlRqQ3h0T0FqZ3kxZ0xxZndqMnA4WEYwNnozNEZVQ1RJUXVaQWMxcnRmci0wd3BKQ0lKRElLUVRNZE12aEc1NTdFUnAwRGZ3MTJUMG9xemFwNWJ0U2RraFluOGpOdzNkWUl0RENNeWZPVmJCM1A1aWF5WjVqRmlrOGlPVVhsRnhHMGU0dUhYU3hWTGJTTXJfZmNaR0U0TmZHQ2M4ZHBjbFYzaHB2VUUxbTI2czJn?oc=5
2026-04-16 13:48:00;Tribunal de Justiça de Santa Catarina;Justiça autoriza novos sistemas para busca de bens após execuções frustradas - Tribunal de Justiça de Santa Catarina;novo;Aprovado (Título);novo + sistema (Composto);novos + sistemas;https://news.google.com/rss/articles/CBMixwFBVV95cUxOMlp6WTFjSmxmSHh1Y01PbHVxcGsxQnczSTh4eEkzbWVYU2pQQ2ZrNjVWT1pSWmtSNFNFRF8zTGNhcktORUxkNUJDeExpc281Tm5nZUV4UzR2OTJ0ZVBMaDBWMWhPTm9mUmU4amQwSVZDdlJrZlNqN2Q1U3JpdjlaZ0hoT2E3QTJldWw5bG9ENFhPaDFpOGQ1Tk5HbktvT3RJd2dpTUllTExYZG5wQk5jSmozT0RjN1BZU3p3UHlhaENMVFB1YXB3?oc=5
2026-04-16 19:23:00;Tribunal de Justiça de Santa Catarina;Réu é condenado a 23 anos por tentar matar a companheira idosa a marteladas em Lages - Tribunal de Justiça de Santa Catarina;irrelevante;Sem Termos TI;N/A;N/A;https://news.google.com/rss/articles/CBMi9AFBVV95cUxQVXNaMXAtYkpsWDdoTnVlTi1kRWM3aF9telJZM1RpRnVSZGpMcTIzQS1teWhPLXBGVjRGVk9vcUNYUVAwWnFfNXhHbkpRMll4WTJlUWRTOGZsVWNxWkFRMXdJV1V0X0wwa3R3ei1MUkQ3ZUQ4b1NnVUVWTE9aY0JuS196RGVhTVBNY09uUW5qSmEtZWxsSzhQOC1Uc3dvY3k2WUJzR21XNVZoYndiVmhhQ0JJQ2FhZVkwanZOLXhIX1JZTGx0QzEweHdoX0xTb0MzcEZwVTYtUU10d3p4LUJaeG1rdEIwR1NHMkJ3Rk5INExLZHNT?oc=5
2026-04-16 17:41:00;tjrj.jus.br;Aluno será indenizado por universidade que veiculou propaganda enganosa - tjrj.jus.br;irrelevante;Sem Termos TI;N/A;N/A;https://news.google.com/rss/articles/CBMipwFBVV95cUxOSlFIQkVEa0U0WmMxUVNERVFPU2ZhdGJ2NnlfS2cxZmdHblNuT2RXV21sZHVPUHZxTkU2djFZUXRGbm5Nb1B5c1AwTUc3Sm5WMjBGSF9rdVFBUzgzRjJZYmRCM0hHUnc2Z3ZfZlg5dTByTGEtQkg0RVc4SWt3R3BweE1tTTRuSFNMY2NkQXE4a1h2LXhmREo3aUZrcGpIUzJ6cG5IcVJmZw?oc=5
2026-04-15 20:53:00;tjrj.jus.br;TJRJ reduz jornada de trabalho de servidora pública para acompanhar filho com TEA - tjrj.jus.br;irrelevante;Sem Termos TI;N/A;N/A;https://news.google.com/rss/articles/CBMipwFBVV95cUxPbXNlall2UDg2MTh3dzl4U0pqb1VRa3dCYUI5Wm1JT2N5Y0FOOENHSTc3Q3FZWjZVM0dTUEREZnZGRVgtczRnbF9YRmNGenUwS3U4NDVYeGFEUmt0RGQ2Tk9XcGF3ZzVWY3JtZ2RScFdZT2RkY1F2WkRlcEZwdjRSUTVnQ3N6S1VFUEc0RlhvUGdWZ2NOWTRYX2YxRzZDQkc4ei0zcFRiTQ?oc=5
2026-04-16 17:58:00;tjrj.jus.br;Revista de Direito do TJRJ analisa direitos indígenas e impactos da Usina de Belo Monte - tjrj.jus.br;irrelevante;Sem Termos TI;N/A;N/A;https://news.google.com/rss/articles/CBMipwFBVV95cUxQWVBRZkxfSzBSUElmN3RRbjNXY215OTdqRngxd3BMM29KSjhtZ01lZTNjQUNYNUFNbHZzZjdiaVlBaC1nOENuQWR0WU5zUHllSlVYYVdOdU8wbktiYXFMTnBNa19OamhjblJ1WDVwWTlXdWNBVXBTa0l2RkRNbXJTNURZY1I2UUVNam9UbnR4UGdwR1VlaUZWdUw0T241ZDZGUGo0MTBCWQ?oc=5
2026-04-15 18:54:36;tjrj.jus.br;Tribunal de Justiça do Estado do Rio de Janeiro - tjrj.jus.br;irrelevante;Sem Termos TI;N/A;N/A;https://news.google.com/rss/articles/CBMiekFVX3lxTE5XNnZIb3h2a3JPYXJRQ2NtZldINDMzcU5vQnoxdi11bS1oMEtQX2ZIeTg4YkpWOVhBTVBESVdnQzEzSnJYT0huTVJLYzNyc0ludzRXWVpMRDBBYkpLVkE4cjNrQUt4WkVYNWlNeXdQbm9MM2RYVEpOSHpR?oc=5
2026-04-16 17:10:00;TRF4;Mulher garante benefício previdenciário em decorrência de afastamento do trabalho em razão de violência doméstica - TRF4;irrelevante;Sem Termos TI;N/A;N/A;https://news.google.com/rss/articles/CBMijgFBVV95cUxOU29pbFg3OW9lT0NnSnFoSEtlYXIybmJSbkdhMVFLWUl3am55RDJ1dVBEMXJLTTdUMmJBeDQ4NzVuOC04cFVta09tZWJHRnFibFlCWDFzNFJqVVJXSV9PZFhibXY3b3cwdWhJQzg4QmNENk1sWWg1cmdwa1lBUTB3VjZxeE15MW9qRUU5Tk9B?oc=5
2026-04-15 19:06:00;TRF4;Novo Cenário da Judicialização da Saúde é tema de curso da Emagis - TRF4;bloqueado;Blacklist (Título);curso;curso;https://news.google.com/rss/articles/CBMijgFBVV95cUxOOTd3OW1vU0RvNE5vQkN6Q3lLeXVXbmJ5S2JjM01FN2FwZUxBMGtKTU5oOFVKeG5ZVWtpVzdPa0Ntb3JHbmllQldHZkxreW81SDJxNUtiS0FpTXE1Z3ZheUd4NmpVTHNPaEJUWGxzWklXT3lfVGxOdUhHbnd2NGFkYWhwMlhRbnd1eE9lZW1R?oc=5
2026-04-16 18:56:00;TRF4;Acompanhe ao vivo a solenidade de comemoração dos 25 anos da JF de Paranavaí - TRF4;irrelevante;Sem Termos TI;N/A;N/A;https://news.google.com/rss/articles/CBMijgFBVV95cUxNUmVFX1RfZ0ZmOVRKejZuVkwzb0RYTEo0Szc2c2ZhcFl5U2NoV1hONGx6LVFFUC03N3VJOFA1TzF4NEsyT3c3TkRKYTNLRDdHTm9iWXVwZVlTb3VNaUp4dkkyTUwxLVBRTTZVeUtWMzBUY1V0djc4bEN3SzlpZ05zYldEcm9MNS1fMVY0VEh3?oc=5
2026-04-16 18:09:00;TRF4;Edição 269 do Boletim Jurídico já está disponível - TRF4;irrelevante;Sem Termos TI;N/A;N/A;https://news.google.com/rss/articles/CBMijgFBVV95cUxPclNGNmYxMDU5SU9fZ3E0X1Q0MzlNRnU1NjJSbnBBRkNMU1NBUzdqQnJnc0xNaFh6SkQ3WW9uYl9Nazd5LVVhbno5VnZFMldaSzdjNmVZSTE1cVVSMnFiSEl4elNwSkZrZDlIazhkR2pXeGpfcjE3RUdUZGNOY3Qwckt3VGtBWWJ2YVpnNUJB?oc=5
2026-04-15 18:36:00;TRF4;TRF4 mantém RAT adicional por ruído mesmo com uso de EPI - TRF4;irrelevante;Sem Termos TI;N/A;N/A;https://news.google.com/rss/articles/CBMijgFBVV95cUxQRE9ybW1OU2pzYXZqcTdpYy1rRnBDdi1pMUpHV21DaUloVkE4ZklFYWRGMmE3UG1BbUNQdWswaUJ1dDcwVnIyb0V6ZW5QVWVPYjltcGdacE5Wcjh4RGNVRld4ZDVEUnhiVFZfSXp6OGlUQUFEX0hPYU1sYXBreE5xWlpYQ3JMUVEycUF4dy13?oc=5
2026-04-16 17:47:19;TRF4;:: Portal da Justiça Federal da 4ª Região :: - TRF4;irrelevante;Sem Termos TI;N/A;N/A;https://news.google.com/rss/articles/CBMihwFBVV95cUxPbFRVX1MxemdhNkhEVGhwWEYyd0RhQng3MXRlSWZNN3BrZWxiSTRtTElKYl9lY3AyT0xVYmdKVG5xc21WRjZNQ0djR2pKeGQ1bGp5YlZaVm9qQ0VoNUFpeWJDenF5eHBpYlB6QUZZeGcycVQ5OE93cjR6RWRwSk9lRXpubVdRUVU?oc=5
2026-04-16 15:43:48;TRF4;:: Portal da Justiça Federal da 4ª Região :: - TRF4;irrelevante;Sem Termos TI;N/A;N/A;https://news.google.com/rss/articles/CBMihwFBVV95cUxPcU53VTV3QjNpTnBPSm1TeEhBS1czSzh5M20zMjVUUHVPbXg0NmNiNG81VGVyQzE3eDRidTNjaTdpUHZHTVMyM3lDdVNhcHB6cWljamkzSlR5LWZGak5fcjNZbUNSdEJTSXFkMXdvTmFFSjBvSzlGUTdRaVFxMVQ5Ry1VcUcxbEE?oc=5
2026-04-15 19:02:18;TJSP;PODER JUDICIÁRIO TRIBUNAL DE JUSTIÇA DO ESTADO DE SÃO PAULO - TJSP;irrelevante;Sem Termos TI;N/A;N/A;https://news.google.com/rss/articles/CBMie0FVX3lxTFBUTDd2MmVlR1JWLWxMVEpWRGFsMnlZQnE4OElXMEpSOWtzYjBzcG5IOFNCenJKcjNpS2N6dG9tQ0RqNUVQLWRTUTNmdjVSeFpsUmFtTE9rLUoxR3V5ZldMczVoMGdwY3M0TWVBOE5FYmNjYWV3MDZFNFRqcw?oc=5
2026-04-15 13:01:47;TJSP;PODER JUDICIÁRIO TRIBUNAL DE JUSTIÇA DO ESTADO DE SÃO PAULO Registro: 2021.0000427958 ACÓRDÃO Vistos, relatados e discutido - TJSP;irrelevante;Sem Termos TI;N/A;N/A;https://news.google.com/rss/articles/CBMie0FVX3lxTE0yLTV5aF9yZW9RZFZ1NDAzSUhQRTJCbklfaDJVZkFlS1p1RUNTTWtOdFN5RzdTX0xtYzVQQ2pwMng0cWdmWnJaS3RoX3h0c1d4eWMyb1NKUEktOHktWHVHSDdSc3pBUUFRT2hva1EwQTVZSXVYTmYzbzF0aw?oc=5
2026-04-15 18:37:11;TJSP;Agravo de Instrumento: 2127587-39.2021.8.26.0000* Agravante: JOÃO VITOR LINO MARGARIDO Agravada: MUNICIPALIDADE DE SÃO PAULO C - TJSP;irrelevante;Sem Termos TI;N/A;N/A;https://news.google.com/rss/articles/CBMie0FVX3lxTFBBUzR3cjZfcTM3cE5QNTF0ekxiakpERTlEQ2ZxUjFZZ2RvZHRDM0I2T2Y4djRqaWJTekhnWXdla3kzaTA5a3BOMUFtSnh3QVBqZkxRVHc5XzBkSkVGZlh5YXZGQUJ6Y2t2Y3JkTXFtc1V2MWtFSWFiYkxUdw?oc=5
2026-04-15 18:09:03;TJSP;Registro: 2021.0000446887 TRIBUNAL DE JUSTIÇA DE SÃO PAULO 11ª Câmara de Direito Público Agravo 2128715-94.2021.8.26.0000 P - TJSP;irrelevante;Sem Termos TI;N/A;N/A;https://news.google.com/rss/articles/CBMie0FVX3lxTE90aDhrV3B5NDZGeWFtOFFBNjEzNHlFVGQ4bkJVeDlaSFgtRnB2R0JLaHJwdkVzSDY3VkYxSGhjd0NzVWRtbVEwZ0c1M1J1dE1jYlluOEkzcFBFWEl4dGFDZVFNaE9paExQbDVBMV9YY3VaZVJuMl9PT2I0TQ?oc=5
2026-04-15 11:37:43;TJSP;PODER JUDICIÁRIO TRIBUNAL DE JUSTIÇA DO ESTADO DE SÃO PAULO Registro: 2021.0000551429 ACÓRDÃO Vistos, relatados e discutido - TJSP;irrelevante;Sem Termos TI;N/A;N/A;https://news.google.com/rss/articles/CBMie0FVX3lxTE1wVkJ4U3ctWU43Z1hzREN1UjA5N3lvU2VKSEk4anBpUDlDc1gtSlczZlFlWWRKd0xhWDMtaHZBUzZoSDJqeF8xX3ZCaGMyQ2tCLVZuOVdrMHpUcjhnTjB2ckQ0MTN3SFNOakE0TkVMUWwxcWtULWtQVXRIcw?oc=5
2026-04-15 23:47:00;Tribunal de Justiça da Paraíba;Magistrados do TJPB podem, até 21 de abril, submeter propostas ao 2º Congresso STJ da Primeira Instância Federal e Estadual - Tribunal de Justiça da Paraíba;irrelevante;Sem Termos TI;N/A;N/A;https://news.google.com/rss/articles/CBMi9AFBVV95cUxOaldmT3pFTEUyMUVnblIwMnV2V05NZVpmSURWdi1GclR4V2Q5bGdLendub3NySzZpWXp5elRQUndMaVFTQ1hCUG9ZYllnWXVkWEY1MDBOOUd2dXlsYnV1N0JYUWF0cUpoZmtOTVFyU3Q3X2l5R2lYXzBqdjlXZFBfa3pRWDRyLWc1TXJYYTRvdEtwMG1pek5PdFBTaHh2QkFtSmFvanlJVXVMaEx0cVItS0VOajBKMWk5NTYzNU8wTmJ6LWxjWnZFTUFjcGYyUVROcjQ4YnFGY1Z5RTlvdDNNTlRrX2EwWTBMc1BsZV9DQU9KLUNM?oc=5
2026-04-15 21:43:00;Tribunal de Justiça da Paraíba;Comitê de participação feminina avança em iniciativas e amplia ações no Judiciário - Tribunal de Justiça da Paraíba;irrelevante;Sem Termos TI;N/A;N/A;https://news.google.com/rss/articles/CBMi2wFBVV95cUxNdDhyd25Hc1pMbFlhN243aklfTm0wMWMzbDJ5V3lhNjc5QUd4M2w4X3hSNHdoMUhiTTlJcm1Pa3NMWTNMMVRCd25YMWNudzZBZXlfcE05RWtNUW5ELXlGaWo3QUJuc2lVVVdyTnB3XzA5cHJwUW5ETVVBaFpNLUlfM3FZZjFGWGtjclhlaEpKb2dEaVYyUmtpczhhem5ucE1NMEhlTkhlQU80YUp2Sk5ncmpuOFRQODN1NGloZUJtSUVyUDY2RUlkcF83UUhXSjl1R01WZnFDSElyaUE?oc=5
2026-04-15 20:16:00;Tribunal de Justiça da Paraíba;Inspeções nos CREAS de Patos, São Mamede e Malta marcam cumprimento de fiscalizações semestrais do TJPB - Tribunal de Justiça da Paraíba;irrelevante;Sem Termos TI;N/A;N/A;https://news.google.com/rss/articles/CBMi6AFBVV95cUxNTFNkbFVxS2hGOGpqUkxmWVhjQ2xKVWNmQmRxZUF0VE1XaXhpZ3Bzd3ZXMS1aNkd0Z1NxYjViTWc0WGxoR2YxTEpaV2dCZm91MUVqS1RzUk5oa3NMZDI5cldSOVJUTzQwMWdkU1V0d25uQTlfRXh0UUM2dDNnekxaY1RJSU5Rel9UZE5TdDgyRm9NY1plZEw2TzMyUk5qMFNwQTFSTEFQd3MzVUY0SjBVYXY0eXV0RTcxdktJNXZHRFE0Vm1mY3h0WlVZR21CYXdvMEpwYkZKRGJ3TzNYcDFId1cyN3pRLTMx?oc=5
2026-04-15 19:18:00;Tribunal de Justiça da Paraíba;Magistradas do TJPB destacam como avanço aprovação pelo CNJ de regra contra a revitimização - Tribunal de Justiça da Paraíba;irrelevante;Sem Termos TI;N/A;N/A;https://news.google.com/rss/articles/CBMi4gFBVV95cUxPdUwtQnkwME5NU3I5QWNyVmZXMzJKQm43bjV5cnloOWhIOWpVV0huSi01aWxLN1d6Z2MzaklLbVliVWZFaUFHYVkyRDhzRDdoSjdmcWRvdHg0MEJ5ekYzNGE3ZVd2cWRxYkJFaElYd3NZem9jWnpoVUtybUVUWElMQlFVUjhsbVdTbm0zZ0VNM0dUQmVuZm96MDBONDVaNlEwNi1UcWFZSGpFZUtST1ZaRlFUWDhkdUEwbXFkRG54ZFptUEJGSkdscG9BczBWcTZYaVlvWXI0V1NDcmMwUnJlZnZR?oc=5
2026-04-15 19:50:00;Tribunal de Justiça da Paraíba;Conscientização contra maus-tratos a animais será destaque no Fórum Cível de João Pessoa - Tribunal de Justiça da Paraíba;irrelevante;Sem Termos TI;N/A;N/A;https://news.google.com/rss/articles/CBMi3AFBVV95cUxPSldrTG43VU82Q2s4aHdLNEM5YTlRTGVlNzV4YmdEYloxdmJnRTM4c0pXUFBqazdjRkhUMnFEclRzTnU2UWNubU94Tm5Nc0szdnJNMERDVTRYa1hJQ1lxY3djRVdaVUZQMTBEYThmNWZSOHFnUEVkeEprSEhja09veXlscjhPYXIyN0lXTzZmYjJJdFJIbDl1ZzFMNEcwY0xYT1hHOVUyeW1PZkM4WnJZUlRwSHJVUlRlcmpHb1dLMElzNDZ0NFhOU2poV0tPUHBxb1NHTmo0OUtCdmth?oc=5
2026-04-15 15:50:00;Tribunal de Justiça da Paraíba;Projeto Justiça Rápida Itinerante Fluvial promovido pelo TJRO acontece de 24 de abril a 7 de maio de 2026 - Tribunal de Justiça da Paraíba;irrelevante;Sem Termos TI;N/A;N/A;https://news.google.com/rss/articles/CBMi7gFBVV95cUxOZnNPaGRfRzFoWF9SUzRfbVFINmF3SFVrNndPcTBxVHFNM1NpWFRTc3JGXzI2OWY4V3UzNUlYYVdzV0tzT0ZJZzVabWtQS1dYTFhjX0tEYUh2cUw1QVhhYzRLb2ttZF9LcmxkV2RSb2szcVRUQ3BwT1ZacFFheExLMjQ2R2lkUS13Mm9hbXJ0NkVjX0pZbnd3am5aUGFUVmJfTUxPVmpmdUhVR1pyNWtKZXNNRDJXQTlyTjNWXzNLdkJCbU0zRUpReG16MXBfSE5GNTlEbmxJbVZCVmZEOHlEdXR5YXdyMEdFVEpYNkNn?oc=5
2026-04-15 21:01:17;TJPE;Consulta de Documentos - Tribunal de Justiça de Pernambuco - TJPE - TJPE;irrelevante;Sem Termos TI;N/A;N/A;https://news.google.com/rss/articles/CBMimAFBVV95cUxOMmV3aDI1dTFnZ0NmVGNTdFRRUEwxcXBVWWJTaThWcDRMSnZ3aWtKRzQ2VHFlZlNhdXRPRkR5clZRbVo3ZnM1RC1UVXU3bkMwcnNTZXBTUHE1b1REcExtWXFheFVyaVR0WFltR2x3dHVlQVZLNkhrU3IyaU1ZOU84WExJNzhkOGRpcmpuUS11Tmh3RnlwdzBFNw?oc=5
2026-04-16 03:06:05;Tribunal Regional do Trabalho da 24ª Região;Notícias - Tribunal Regional do Trabalho da 24ª Região;irrelevante;Sem Termos TI;N/A;N/A;https://news.google.com/rss/articles/CBMiogVBVV95cUxPRC1KZkw5bkR1SnpLRUVLSUY1NEhaY0JpeUZBSDdLTV9BaEN0dkFsU19KUk13MlljcEJ3THRfa2pmNEJiQzVFOXlXY1BPU003dkZkNnpCTVh3SWd0Tm5DOVJybWdDRzlCWTZiM3ZZbElIOVNLekt5WkFsOE5QTWpnTnBQYlBjYi1KYTVsc01uWHh4Zk55YlY2UVhwNE5kUkxSRmJObDlmaTJmMTduZUMwZk05MzZIdDFFMjlCWFJ6Z3VGQkJBOXdBNmhtaG1FQjJ0Y2VwRHVHd3ZHT2FjUTJjRkNSM2xDQlN0TUJZc1k4c1YtYUNjRERtUlk4eVhFeklXU0RWMkNYU0E2Y2MzWDZjT2czaGtSS3B6Q3pibzFqSG9sUGtVRUViX2x3WWlJYjJYQTkwME85dEd4eVgtbnIzS3ZSQldBcjNYRkVBOWluY3ZaN21hYWVrTVRxNERCajVhb1Y4cUFtVjFjV2NXajVjUVJsU0lCV2tMbjEzeFF6X3VCVjYzd09fa3NfQkFDRWFVdFJsVjZIdDhZZHhUVldLZkxObWM1Nld3cXZJTWlWZ1UzRVNUd05GUHdWd2ptZzZyMFdPRDlqSFJpckl5NTlPOFVqT082T2ZnSGZYcm10VVg0NmJhUk5MckRISllqQmFjSEhfUzVxMDJVb1h6c01OQmg2QXJqTWNGdVZLRjkwR1hMa2E2c29EMTZ5b0dUNWNzaC1jV2RMbDd4a01saFZUanBtX09ONkRyUDh1S2VxWmZjSHRfbHcwcTUtbVEwSnctaXpKWjZ0VUFYempLcm9wVkVFeXFnc0JBdDlpRWRlLThnYXhVblk4bmVDeXRNV056QTI4NzdTM0FGSUdzM3R0c3hsSkVkekt6SzdkTjdhOVVYQQ?oc=5
2026-04-15 18:02:28;TRF5;Imprensa - Nova versão do PJe Mobile 2 já está disponível para a 5ª Região - TRF5;repetido;Já Existente;N/A;N/A;https://news.google.com/rss/articles/CBMifkFVX3lxTFBjVUpvRW5nUkstNzNlRFBkMkx0d0JyenkxbXpCNzd0VDJzbUtPX3g0NklSOW5MTm0yd0RVc3lVQnZ5MVhFS0RWOFR6MU5TbzNYZm9VLXJIeE1GaWk1a0FTNTI0ZS1zX0ZwNkxYMVZIVERPOF8wYXBtemdEUE5zZw?oc=5
2026-04-15 23:59:05;CSJT - Conselho Superior da Justiça do Trabalho;Notícias - CSJT - Conselho Superior da Justiça do Trabalho;irrelevante;Sem Termos TI;N/A;N/A;https://news.google.com/rss/articles/CBMijwZBVV95cUxPVUdOS1BpRUdyU2J1YmZvejJnMUVqYnZjUzBwNTBNSktyUjh5V21aeDZoQ3JoUkZoa1NOV19INC1ydGNMb2JKYjVITFhtUS1XV1NOVkx3NFJaUXJlYy1VLVBaZ3JvaERwanV2LTJYNDc2dVBIQlU3WURyOGFkc0V2RlphTHRtbzExZWEwbGZKeG9tUjVIbjRNZWdDWm5kcDBEYjV5ZUFjMWVJczFJTnotb3VLblpLMURhZ21pekFLbGZNNkNPdVo0RS1NWW5LRlNlZFB4cGFRLU5DNTM2SWluX2hrdU9tOFFBWUNKeTltNDhoNjVQcmRGTVJyWEYycDdJbHo0eHBXWDNocFNBel9vODVMbWxhdDN3eFBYcEhSRUtYMjdDd0dCZjZhVGZlZUkxSlVwOG55Vm5ZYS1oOW1hN3BnaWlFTGt1bDk5X1dSVnZVcDJnSWFPVC05OXlWVWpsajBobzM3WkdPZk9xS214M3dVRGkyUVExelE5ZFU4SC1IZmZQTEpQbW1fUmp0LUlWU2NhQUJYMFYtU2RvenlIRjcwZ1R1QkN5M3IzVHJVMTlqU3RvOWRCTzNnRHo1Y2VXUHhtMTRNeVhFV2RiN2toSWszZ29Wb1dkeUV6d0lEZDF1TmtlcU1xX0lfYjFHYnNETlozQW5aVnhiOHFrOTRhX2U2RngyWWc0NDIxOWpZUDdVVnM4YXU4a21sSEFZZDdWdEZUY3dwcE1Na0hqSFFNcHBKdTMyLVdlaGhvTEM4QTZXZ2pXbTlYaXdtZUFCUjBkZlFKZnVjRkhJMkY5M0wxR2VGSXJzYnc5Q0VjNjVSSk1XTHVwcTFrT19DMVc0OXBWNnNvdFg1RnhQZ3BZZWVsekFFejZPNi10aUZVTGZUenZaVG9KMGZrZ081ZVZJQzlsaEZfdXRYUkV0dU42TlVDek0tTjZ6cmZlWWMybm1nNHVOcmdvYko2Y2t4RGhqMUZyZVhrUV82ZlBKc0p4Q3c2cENZc3pLVTNQdEQyNzM1ZzVzSGdKdENaQmhVVWYwV1U?oc=5
2026-04-15 22:46:07;CSJT - Conselho Superior da Justiça do Trabalho;Notícias - CSJT - Conselho Superior da Justiça do Trabalho;irrelevante;Sem Termos TI;N/A;N/A;https://news.google.com/rss/articles/CBMilAZBVV95cUxPeXphVEpwMGtpTm5Jb2ZzR2lRQmU4LUFQWU9FUHNoNlJtazdFdnFicENPTXZCR0FmT2xuZlRSb2NuUXpVcG9Hb29YOUZlOENvSXllY1ZINTJCUVpyX3NiLWJjcGVBMVdzX0VIMGdZN3dERXZDWG8zM2dXV1dtbEdac2w4Rm5vQ0dYVEJzZWxDemdVSW13X0V4ZlBkUmNrZkkwMTk3VzBjZE5JZXBhd29zVEp1Nk5UU3R1SGR6RXVFWXBMZ3BzdGx1VXZQdjNGMUpHUWJ6cXlTR0hLYmdlc0tGUlMya1owZHFNZXBMc1Yyb2hzcEZaOTBRZGVzaURrV1kxRldYZXJzNFRpQWRBZWZuS0RWWVlnbFpKd1AwUmtFd1FtaGpQTHVEUWFuY2NhTkFmTy1nRlAzeXRSSFEyaDBvcU93bUQzRk5BWXk5SWtSTG1udmJaLV8yTjlRUnpPV1IwYWozQ05lSGxOOEZZdFBxbnJDcUZ4aDRWY2JteTdBTUZ6Tzh0XzRBaEhMLWhVRDZKSGdsMjFnTzBfXzI0V3Q5THZsN1drYnhkZEdHWThMTEI2Z2JBSWJnWTc4RnNhbWtjbm9YV1JQNERJaDRRNzYyRVJjNDhxYmZ0ckZxdWtGUmZIbG5XbTVTbHdOWGVuckhUVGdRRDllNmlpNFpKZnpORUd1Q3kzcXZJYXAtVHo1S0xXaXlrQ01jX0xMbklNdGxWalJNbkFZTnFyX19pR2QwLU5kQXE4Znc1RXppZmNwZkM3MVFUMUJURWU1TUYyWEJXWHVOYW1QOUkyMTE1T3dFOGd3OWpUeXdmOFJRcmpSLUNkczBrRF83RzdjQmMyXzV3dk00RnROOExZd2Z3cXc3RDNUS1BIRFdfWEZCUzh3QlB5dFpuZ2ZtbTUxQmdzLU83bHR5YlZFQnY2TFBUV1VfRUQ5d0hZZUhjRkxtdEwtbVlCakx1UFFDWThCekVDazFSaUlGNXZRQ3dCZkNoRDVuX3M2bURjR2xraUVNc3FWSVc3NnRzV0syY1QxMy1JM1g5endHNw?oc=5
2026-04-16 08:09:53;CSJT - Conselho Superior da Justiça do Trabalho;Notícias - CSJT - Conselho Superior da Justiça do Trabalho;irrelevante;Sem Termos TI;N/A;N/A;https://news.google.com/rss/articles/CBMijwZBVV95cUxPTTN2RnJWOHR6LUxZQWYtMnUzWmVfNGZNV2lITTRwWW9zZDF1UzZUa19PVVNSa1ZDUzJYVFdxZkNlUzFRcVE5OFBWSFRmdDlhSGZ3Y25GejNYM20ycXoxRkxycEZkNHBXWmRrRS1WbHNXVHJ3OWpNQlZYb1VnSWpySGpzdkVLUFJPNU0wRHBaclNhQ09WczA1RVN0OHN0UC1oOUl2N3hUdG5jQUphV3lMUTM0OS11MFQ2VlM3Sm1GbDBRbFRtNUFKMzFIeXM1a2c2cjRqVnQySmo2WW5ZQzBwQk5PSzZvZ3U0UVlUUUhsZkM1OEttc1JWSk5mckJidEs3UzU5V3RUcy03RUZ5YktLcHJrOWN5NUl2ZW13YllBTVRGeWpSUVNuVW1UU1dvQnFnS3NuNUpGMGJ2RkhFSmtaV0RoR2FKYVdTZk1UTUZQMTk5X04tb2NsYi1fYUx1c0JxeDZLc3ZwY3BCMGdSTW94N3pNWHZ0QVQzNGZpTEJqZE5uNmRIZUdsX3EtTU5ldkpOZnd3eWhJNExEQnRaQnh5eXdnTXB5WFQ1QzRaWGllQTRNVDB5U2ZHVmlHMDNtRlJTcXBzNFZRR0F3WUNWMmNZZjVfbWw1NUJMcTYtQmI4ZUQweURaQjNwSWJwSzhWaXZwMG4yRTYzdTV2V1FoVkExdlVGbkZMc2lhcXhfVmlWRGJFR0FwMm9Gd0hDdlJmcDVYa0VCSEtVbEgtNmgwVmhneXNLcWx5U3Axd0JpZUZRQjEybkZVTFpGTjNPaUlQdEZUOC1pbzlaeWlaUEVHSnk4UVJUTTNyckE1YlN5VV9Nc0NPbzlybUs1N2Q3bG84M1VILVNyWTNMRUxiOUswV2Jwb0xQeVJiUzljY2pndnJ4NEJNV1JpR1piaUs0TmtvU2lyQmo0czNZdGdMUE5IWTJlWXJ3UTFkWTI2ay1UTlgtMHJWSGxPTWFDNDBsR2NEWTB3OU9Zd0VITGRsUDBTNzJSUlgtQlJZNVJMbzlLY2g1SWRpVjVweFFlNkYxM3EtMTQ?oc=5
2026-04-15 12:10:27;TST;Gerente bancário para empresas é equiparado a gerente-geral de agência e não receberá horas extras - TST;repetido;Já Existente;N/A;N/A;https://news.google.com/rss/articles/CBMiwAFBVV95cUxNYzJ4UWticUxaaHpwMklpZk56NjhYc0tkYVZ6aGtYSk9XajBseFJlVnR3VkdQTHZNZ3dsZ3BmbXRNWF9iN0pjYzVZck14UFV4cGo2LURXRE1GczM0MEhxOVNlSmRWTXNpd0NlaG5HU3BwTUc5RXNIX2wxdlVHdXVxUVlCSjZuZ1BlWE1Pa1pkLVpDcDZIdDY5bjdRaDNCX01Sc1VJY292LU5CdFB4MFhERzA5WnNwZlNBTUxXYU9tcEM?oc=5
2026-04-15 11:10:15;TST;Empregado que não voltou ao trabalho após greve julgada ilegal tem justa causa confirmada - TST;repetido;Já Existente;N/A;N/A;https://news.google.com/rss/articles/CBMitAFBVV95cUxQOFozQ3VwUF9uSDlQaGdPUkt4Uk0wdm5aVmloOGhjTWhWWTg5Y1NnU01wVEhRcHNOUnRZd3BZbTV2TF9FazFqV0lSZ1Vra0U3ZDRxLVNWRlpGcjZsQjJ1RlJWWW1yZEpaMl9CaU9iSnZTclF4ZUlSNDFBNnhoNXdLbkdyZW5ZLXlZbVFRRlRMRUR4ZnhTMTEtcUpOTm90U1RPejhvV29RbHg5TXZNWlpiSW9POWo?oc=5
2026-04-15 09:55:00;TJSE;TJSE participa de eventos nacionais do eproc em Belo Horizonte - TJSE;novo;Aprovado (Título);eproc (Forte);eproc;https://news.google.com/rss/articles/CBMirwFBVV95cUxPOFpkYkFybWVNTmNaVjFPT3lTTXZQQjBRM1Z1UEtWdmk0TjdMOWxGclkzNE1NMHZOWW5tNk9sQXB3bTZhNWhRdm00amtGTFhOZGhWUjZCMjNlWFAtVHJNQnpmLWxaTXY2RmFjd2p1OENlQk9pZjhHUTB5bDRDeUZjSWVMWENYb0c2SWR6LVFaNXBTUHdMSVQ0X1FhaEI0Snc1ODFIV1ZoVUR3Wm55b2J3?oc=5
