Data da Noticia;Nome da Fonte;Palavra Filtrada;Termo Base;Titulo da Noticia;Link;Status
2026-03-20 14:53:20;trf3.jus.br;N/A;Sem Termos TI;Pop Rua Jud Pantanal 3 transforma vidas com mais de 6,5 mil atendimentos em Campo Grande/MS - trf3.jus.br;https://news.google.com/rss/articles/CBMitAFBVV95cUxQOVN4aWlqTmw5Wng1NldCMlhtN1FVUnNCTTBTdDY3bXBuY2JmSy16RC1SWlNMbE5scjEtOXZobkQ3Um4zN3p1bGsybzdVQjB2c1FET0hEU3pKckVzR1NXZjdOeEZ6dVpQZ2xXQ3JINWd5Zmc0alkyYXpITHZVREVKWDFFVGhUWnBEZ1NiQUtvdDhWQWExZ3BFNlR2bGpJdDU1VHU4d2xsWXhHTDdLUnlWYXp1VHU?oc=5;irrelevante
2026-03-19 03:52:13;TJAC;N/A;Sem Termos TI;6ª Reunião em caráter extraordinário do Ciclo 2025-2026 do Comitê Gestor de Tecnologia da Informação e - TJAC;https://news.google.com/rss/articles/CBMifEFVX3lxTE5INUdtc3VKNncwQ0xaWjFYejF5QnREeTFKeXUtU3dGVUlKOFlRSjBFLTlTeTFyZlFEOE5Bd1c1S21UTko0WXhlbmFSZVlXQjFJdUVmRUZkejlvZHU3dVVibTEzN3NVTEYtdEt0LVdBdVZtSV94eEpDejJ1Wjk?oc=5;irrelevante
2026-03-20 13:06:00;Tribunal de Justiça do Estado da Bahia;N/A;Sem Termos TI;Agência de Notícias - Tribunal de Justiça do Estado da Bahia;https://news.google.com/rss/articles/CBMivAFBVV95cUxNSmZFNVJzcGxQUDdvN29zN01ra2d3MEd6UkRUWVBOS1FQU2N4T05LZ0hUZnVfSXk3U3Z5UE1ncE4zcjRQQmludWYtMFdwSTlLeFhXUVNlNEZOOU5uemkxazZILVQ1M2ZDQUhTaTVqX1h1NG1IbGdaZ2dLek9GeV9Jenl0eDNkcDdwZ0pkbG1ZcVlMX1BXazFWVE8tRU5kQVgxN3BDOXVVRjlRN0hqemVuWXdtcEhCdWhXblFVcw?oc=5;irrelevante
2026-03-19 04:40:19;Telegram;N/A;Sem Termos TI;AniDong 『 阿尼东 』 - Telegram;https://news.google.com/rss/articles/CBMiS0FVX3lxTE5VZS1OSVVycEVtOVp3WWZTc0FjQUZneENKV2NFWHpmbV9jODkxYUFib3NIMEFZc041ZnRIZnhway1zY293WTEtTUdZMA?oc=5;irrelevante
2026-03-19 04:06:09;Telegram;N/A;Sem Termos TI;Defesa Civil de Belo Horizonte - Telegram;https://news.google.com/rss/articles/CBMiU0FVX3lxTE1uMkllaURtbUZQTzZrZzNMZERaSFNjSVJHYTFiU1NadVVsTThTaEZaWXNaMV9MWUVkX0NjZURJTmtKZkRhSWJmS01UMXpZc0FDWVVV?oc=5;irrelevante
2026-03-18 17:44:13;Tribunal de Justiça do Estado de Goiás;instabilidade;instabilidade;"Fórum de Planaltina enfrenta instabilidade em linhas telefônicas; contatos podem ser feitos por número alternativo - Tribunal de Justiça do Estado de Goiás";https://news.google.com/rss/articles/CBMi4wFBVV95cUxQbUpscE9hTHZOTnZRWG1LRVhIRVZ1V0xIUzBBa2ZqaG8ydTRUeGdXTWs0SFk2NHFBUm0zbnoxSE1aeUYtV0N5b1RBZDFsdnIwQ0hoSFIteUFmeVRlQzY3U2d0TjJDWmcyVVE4VmZZQlNUUlVJb3ZvdEdpTlFyUS1jQTY2SFJQOVdIT1NOR0pqcDNpOUVEUmF2dGhGTlpBanZGVnBCZWFjaENneGxsZlM5ZVZWUFNWSHFLeDJTNnZiTllZamN0TkxaM2RkcUtaVHNiOWRZZllMLVdqQUtfTVNVRmVZNA?oc=5;novo
2026-03-20 16:09:24;TRT13;N/A;Sem Termos TI;Portal de Serviços - TRT13 - TRT13;https://news.google.com/rss/articles/CBMiakFVX3lxTE9HbnZKU0F4Wm5SV1A5dlh4QnNLRjN0Ym1yd2doblNFNE9aVk9qSUJmaUg5NTgwTHdZSmVneWdHM014X3EyRXdLV2ktZ25mZ2piT1JKRUhHcXdxd09fbHVzalJlemZWNEdkS0E?oc=5;irrelevante
2026-03-19 16:23:29;TRT15;N/A;Sem Termos TI;11ª Câmara do TRT-15 mantém indenização por racismo e determina, de ofício, a adoção de medidas de prevenção e combate à discriminação | Justiça do Trabalho - TRT da 15ª Região - Campinas - TRT15;https://news.google.com/rss/articles/CBMiuAFBVV95cUxNTkQyVFJiOHlwWGFmYXVUbnJCZmVoWGp6WU51WV90WFdkRGY5dlBNUnN3YjRXMTZZRV93VHZ5OFRuSUltT0lvM2xESmtNeTZRUXluREUxRFFEZVhQd3dSb2V3blk4S1RqSEZ4TWdNNjl4Mk1IM3puTFI0RG9kSkNiSUlpT1JmVFNrTnMzWVh1N3dmZVZRS01QdVpjVDl0bENGamE4RFpfblMzejN1YmZ5eEhfaWhHRGlG?oc=5;irrelevante
2026-03-20 08:11:15;Tribunal de Justiça de Santa Catarina;eproc;eproc;Indisponibilidade do sistema eproc 1G e 2G no dia 22 de março de 2026 (domingo) - Tribunal de Justiça de Santa Catarina;https://news.google.com/rss/articles/CBMiuAFBVV95cUxNNHF0bVREazRoZmJBbGgwaDE1Zi1XM01ybjdHcEo3b0JseFNTRW5VUDJ0Z1hoelJndzFYbUtDZDl6NHZWVjNLT3lhNlY4Zm5NVlVKd3VLdE1ZUEw1UjktUmQ3NGZ4OWxmVm9uSm9pNm9XSGFibXJ0QXl3TDJFYnJlS3RaVzJMb0FUbjBYYXBBRFp4bTlLTjlmZUJ3WVUxbXpLWEdza0Rpa0pteDRzaTBiTHNvTm5YRTBw?oc=5;novo
2026-03-20 19:14:00;Tribunal de Justiça de Santa Catarina;N/A;Sem Termos TI;Saiba como crianças e jovens vítimas de violência são ouvidas pelo Judiciário de SC - Tribunal de Justiça de Santa Catarina;https://news.google.com/rss/articles/CBMi0AFBVV95cUxPMF9NNTRYLW5BYUpBdGFhbkYwWFljVGZnYU9uQ0p0bVZ2N0xhSU53MEJQX3FKNVdha2ZpcF9PNHkxT3RROU1WM2RUUm50WVNBLUx3enV0aGdKZVF0aFlxUVN6R2JPcWdRWWh0aklMN1c4ZDBYdUpPTTR6UE8tNFQ2VGRYeGFSQ0daOS1CVExyTElNeEpEX242N1FYMEpGOGgxS2JQY0FBVW80RjRUUXBPWFZuZDkzOEFzbVFNR1lORjhwaFhMbTYxT2ZLQkY1NGYy?oc=5;irrelevante
2026-03-18 20:15:00;Tribunal de Justiça de Santa Catarina;seguranca + digital;segurança + digital;ECA Digital já está em vigor em busca de maior segurança para jovens na internet - Tribunal de Justiça de Santa Catarina;https://news.google.com/rss/articles/CBMizgFBVV95cUxNaG1zTlNuUG1VdUtPeXRrZ1ZqZzhMa244OWZKMWlvclZXZ1h2UGhLbnlQN3hGdVJQOHdyb2pyODhNZ2JHVlRBYWh5cm5lVUdSeXlEc3pZQ1ZucUxjRGpWODF4eVBtWnVnZW5USDdDMUZRT3J0MThfclRrQ1hQOGRfc0lPWEp4U3k4YlRlV0pSWnRGYjFUNDdGbVJGdTBEbHN0WU9iYjdqOGh1YUZkaFZ3bHJpdXk0Z1NzMEN1SmU4SUtMeTd2c2lwUkV4ZDJpQQ?oc=5;novo
2026-03-20 13:54:00;Tribunal de Justiça de Santa Catarina;semana da justica;Blacklist (Título);TJSC realiza ações em todo estado durante a 32ª Semana da Justiça pela Paz em Casa - Tribunal de Justiça de Santa Catarina;https://news.google.com/rss/articles/CBMizwFBVV95cUxQemZGcngyMFZnT3paSkU0NF95Q184d0ZrTFM4WUl3b1R0Z3I5Z1RuOU9wR2xkRkRrSEJxdE93WXVBN205X3FOdHRDRU14X0E4cWdMcWpoRVJyeU1LRi1RZVV1dUVRWnBzSE5hdUtWMmJ6a0VfTW1uVjhYTlZBT3hwaHpnMVdzcy1Xc3JTMUZXTWJiVEx5a2V4Q1Jlek1oWkQ5d0tMQXdiMWNUdlFaeDMwMkhpZ1VKazB4YnJ0ZnUtS1FZN202cUVOc0dSTkxMX2M?oc=5;bloqueado
2026-03-18 21:38:00;Tribunal de Justiça de Santa Catarina;N/A;Sem Termos TI;Saúde e qualidade de vida da mulher no climatério é tema de mesa-redonda no TJSC - Tribunal de Justiça de Santa Catarina;https://news.google.com/rss/articles/CBMizAFBVV95cUxNRTBMbTUyQkxtZk9WRk1EUExpSWJvaE1LTzRWWGNwbEVTd25LZ0JXbXJvaUZkRHBsUDJVcFlyQXFQM2dJNDdLRHNkNFR0MmNEbERfNDFOcG82V2pGX3dINjM2TlZ5clYzSG93c2hMMDQ4Q0VJcWJJV0t0MXViMnN2LTluZGdTRTZWOUppZXVMNTdTMHczNXlwMkYyMTJXMGp2NHEtd2RSRTFtRHR2Z3NDeGoweWk5Z3VJQW84T1F4OFlLQy1pSnNpY1BLaTE?oc=5;irrelevante
2026-03-19 19:44:00;Tribunal de Justiça de Santa Catarina;N/A;Sem Termos TI;Biblioteca do TJSC expande acervo sobre Protocolos de Gênero e Racial - Tribunal de Justiça de Santa Catarina;https://news.google.com/rss/articles/CBMivgFBVV95cUxQczRDU3V6b1lpMl9PQXBXYXotRW9odHNjbmtIc1JnSjJSZUxpVmRuYU5JUWVPRFJEdUZobGpKQ3BsMmtzeUtDRThhSmxsZUJtNHRBWXBlblpnYkN2cFIyeXBiWmxkVkV0NE83U0dVWDc2V0puTXhmTWM4dWdTZVF5UWVySElpcmxvOUJmWTlaVDM1XzlRTjgzRkwxVlo0X001N0h0ZGlEbEF5dldOQnFsUExIWTU1SHR3ZDNQRzFB?oc=5;irrelevante
2026-03-18 21:06:00;Tribunal de Justiça de Santa Catarina;N/A;Sem Termos TI;Órgão Especial aprova anteprojeto de expansão e reestruturação do 1º grau do PJSC - Tribunal de Justiça de Santa Catarina;https://news.google.com/rss/articles/CBMizgFBVV95cUxNOHhjMjZ2VXMzQWEwUFM1MEpmbjNpVnhlT1VRdDVyajhPRkVuS05WTkEzdjJlcEFLdDg3OHBDX0FYQllyTldTdTVLRFBjekZnYlZESVQ1YTFGZHYwV3VJZWJ4ZWxBZFc2NG5waFd0YjVRMlF0QXNRSXZaY2tab2hVSllWcDEtLVVsWHhxYTItMjBDV3BsQ2d0R1BWcUM2dUdsUW1fNEhDZkllcXVFZ0tJS2FRUnlPMzFJbWx2T09sNTkwWko3NEZydUlGRElJQQ?oc=5;irrelevante
2026-03-19 17:48:00;Tribunal de Justiça de Santa Catarina;N/A;Sem Termos TI;Fórum de Canoinhas, durante simulado de incêndio, é evacuado em menos de 4 minutos - Tribunal de Justiça de Santa Catarina;https://news.google.com/rss/articles/CBMizgFBVV95cUxNLThDekw4cHhOTmxhVUI4LVZfemRiTlh5TXVaZGRGcXgxZVk2UXA0amZ5QVRENy1jYTVyaG91SW11UlV3a2hudklYNkR0TGZNU04xRG5pcWxLQV9wLUZvNnRIMVUtckdVeTlOZW1YTWdnbGxDaEtvRmZKQ2l6M3JWNG8xc3MtcGJ5VEFJTGN2cWx3enZCZ0dzb3NPcTg4VWExLVBrY0kwS2MzdlJKaGl3aVFjZTFSY1RTUDh2WHJQd0Q1eWFPUUI2dGRYMFdlZw?oc=5;irrelevante
2026-03-19 19:58:00;Tribunal de Justiça de Santa Catarina;N/A;Sem Termos TI;TJSC aprimora e prorroga regime de cooperação nas unidades administrativas e judiciais - Tribunal de Justiça de Santa Catarina;https://news.google.com/rss/articles/CBMi1AFBVV95cUxOajJWWkVTUGc3V3ZLMmlGZmVveUNGTTRqcWJkcTdtU28ydDZsZDh3ckhiUHh5dnBhT1B2cEcwcC1UMjhxZ21mQldqb2tRVXRXZkVobU1pRUw3QnlwbGlpdlk3SEZaa2gzNWpoSGtTb3QwUW1sX001WVZfaWJBMjJjakViUUpIMTlsZVdHVm5ZbFNobHJBTHY1bDhla1RrbE5BaGt0bFFmMGNYZkIyN296YXEzZzdqZUM3RU41M0tMNlpKeXA2cjB2LVIzS29LWG0tZXRtZw?oc=5;irrelevante
2026-03-19 14:37:00;Tribunal de Justiça de Santa Catarina;N/A;Sem Termos TI;Justiça suspende licença ambiental prévia de empreendimento portuário no Litoral Norte - Tribunal de Justiça de Santa Catarina;https://news.google.com/rss/articles/CBMi1gFBVV95cUxPLXJaVHh6bldmLW1iRnFxSHRSLUxVZDI2ZTcyNENBdUhQQzJaYWlzS05BUl93RlVIZnpYYXk0SUs2UjNGOW9WLTZJWWNNV0xoaHNWMXNua1dINkJZQU9jZWV1cDFxQVRpU1RkVHI1SEFZRzIzSkdfTWJkUHdKTkhnUlRWaktTRm11Yk9SekU2WVU5TlotUWtzdlRVMjI4ZUwwM1pMYVRxcDBteW5DeVNkYzVJNmxmcVpJenVQcWdHN2lTejFidHlVVURiRmJUSE1pZFlJdy1R?oc=5;irrelevante
2026-03-20 13:04:00;Tribunal de Justiça de Santa Catarina;N/A;Sem Termos TI;Mulher que matou o marido é condenada a 26 anos de prisão e perde o poder familiar - Tribunal de Justiça de Santa Catarina;https://news.google.com/rss/articles/CBMi0AFBVV95cUxOejZtdnl6VjUtWDlXbml0TTg2WVpPNS12VG9BRVpPMW5yNjdCb194U3ZiSVVzQTVJRUtSTTlBTS1KdlV6dWdMdGF3T3Rnb3JZbEFJTE1rNzRJcUdSeU0yTU9oTkpTT2VkZUNkblB6UEMxYlQ5c0pnRFJXT3dVdmZEZERhSU05N2tocmtNeHRzdzRSMk92VGlTTWE1ZnpBb09zREJFbE1QTGJNOExJRzBHd1NlbUFja2xNcmkyWHVGWkZEaXg3b0hTTGlkcXdlbXVD?oc=5;irrelevante
2026-03-20 17:01:00;Tribunal de Justiça de Santa Catarina;N/A;Sem Termos TI;Des. Dalabrida palestra sobre inteligência e análise de riscos no Poder Judiciário - Tribunal de Justiça de Santa Catarina;https://news.google.com/rss/articles/CBMizgFBVV95cUxQRDZobHdIMURFSXM2RWhTVTN3NnZxMlQ0X2o1UmU3TVRjeDBEamFZWUV1Qzl1OWE1SUpUdHBnRE9kbUtvVm81SDFCRlU3NkVlYmU3eXIyTElxamYtempObE5yMDN0Z2VORzM5eHllSmwtWXk4NU0yMUlVWXlIUWRsazVCVUFENlBzSkxvNTQ0WnRBYTJXR2xUVWJvdXpFWG5ybzhOSHV5NE5SZDFqclB4ZFd2ZVlUT1NMcElBX2I4Ti1FSlRGbkNBaEFNUVNhdw?oc=5;irrelevante
2026-03-19 14:04:00;Tribunal de Justiça de Santa Catarina;N/A;Sem Termos TI;Presidente do TJSC visita magistrados e servidores lotados na Unidade Presidente Coutinho - Tribunal de Justiça de Santa Catarina;https://news.google.com/rss/articles/CBMi2AFBVV95cUxQcGpHRTVkZjJpYnJpdU9HVFRJX1ZHcGFRQWg0MXVVaktxeE03Q0xEUGdldEl4UG42SU1JNVZYbW5IenNHbmVzT3lnZEktcHkxQ3NUM3RwRy1MLW1hQzhFSlVjS0duS1l2SVVJR1oydklaU1NNRTNwaHBueHBzUFdZME40WHhIbTJoMTJFaU5iYmU3RkZVc1BkT2RoM1A0X0ZLaGtLT09PVGFXTm1YLUpqZVBVY05xSFU0Z3JfN19wVGEzTE95UUdUc3RLekRPSDI1SGlvVWhoclE?oc=5;irrelevante
2026-03-20 14:48:00;Tribunal de Justiça de Santa Catarina;N/A;Sem Termos TI;TJSC sedia na próxima semana encontro de laboratórios de inovação do Judiciário - Tribunal de Justiça de Santa Catarina;https://news.google.com/rss/articles/CBMiywFBVV95cUxOQ256NUdWT3pRQV9EVTZpTW85SmFpaWE0S2R2U1RZLXBJUC1ydnhDY1pXR3RoVWpxNGJGekpiMnk2Y0xOMUlUTTIzeXVjcWRmRXE3NEgxLUdXdlVKejRmYXRyOUNZUUsyanpCTUxFWjdWLWRHZElMekxsMnhWQ0l5RmtpZkZPaVNTcGpZMW5ZUGlpOENGR2ZCR2tuYkVMZFFyQ3JKVHhyOGd1enc0MTdqZkZreUVVdWMwLTBQenVaUWtkTW5IaVNoNWhRbw?oc=5;irrelevante
2026-03-19 13:44:00;Tribunal de Justiça de Santa Catarina;N/A;Sem Termos TI;Nota de falecimento: servidora Juraci Melara - Imprensa - Poder Judiciário de Santa Catarina - Tribunal de Justiça de Santa Catarina;https://news.google.com/rss/articles/CBMimwFBVV95cUxPS0ItWW1COWF2QlM2dnhFMWNFcDYtc3RNcTRodWRqRXpRS1lReEJadkhkUXJYellneWg4VEZ0SFJvZ2xQenNWMWV6STVWSkNVLWxxcUo4QkVqbHBja1hWaXFjU0QyRGdYN1U5ZGV0VFhQQTgyclRMdWtyekNNTmREN2s2VF9JVFpHeVJhdWYtel9mRk8wUU9kRWhNbw?oc=5;irrelevante
2026-03-18 19:48:16;Tribunal de Justiça do Estado de Goiás;N/A;Sem Termos TI;Justiça Itinerante: TJGO leva serviços gratuitos à população de Cidade Ocidental nos dias 24 e 25 de março - Tribunal de Justiça do Estado de Goiás;https://news.google.com/rss/articles/CBMilAJBVV95cUxQY3d2OU4zYUpKNjdySk1td1V5QWo4Sl9YRWRuRFVhX0UybWcyeGc5WUZhYWo2UGlfV09HaGVwcnRlaFVEMTFoRncyNVJZcktPYnE3X2tMOEpUT2pzYk9ka2hzYWdLclhqZTd1RDJfN2NEZEY0YU9EeDh5QThjRXROWWphX2N1MUVXdEMyTU9kOFVaRHg3cU1wOTdIVmtPZGo4bUVmS3pmN3JKaTJSV3Uwc3VNSWs0YXQxNzBMalR6NjJ6cG5hdGRVNTNncFlqNHdXU1p2aW01SUhyS0s5LUtyY2RNdFR5UFg3UTNibjdYZlM1ekxIQmFZbFhqWG9WR3ZONkV1Snh2enJJWW1ZSGVPOUhvSlM?oc=5;irrelevante
2026-03-19 18:41:43;Tribunal de Justiça do Estado de Goiás;N/A;Sem Termos TI;visitação será a partir do dia 23 de março - Tribunal de Justiça do Estado de Goiás;https://news.google.com/rss/articles/CBMimgJBVV95cUxQczRmQUdwZWRYM0Fxa0JEYlBtV2luNG4ydFdOc2czMkFXZVNqc2Z0YzZNb1lSbS0xV09keUQwcWxSUlZ4Z3N0NXNvbl96alNxS0Nsc0hDaWQ0aklLRzRXYkNReUphczJQQlRzVDlEZmVvMFo1Q3lQR3ZOOUNSbFVkcXBnTFVGTUtybklITFpDelFOb3hoR1JrMVpQWlRUMksyZnV3V0dCelFlemVhb0tFZHRCQWo5ZmtZTFpud3NNcGxlcVpCVVhMeGdtYWlzTjBhN2xFNUZRalNSd25relRrSGhaazU4ZWlSVlA2eVVqQ015VVRCc0sxemYybHlrX3BQaEZlMl8yWUI4RTJ0bWttNVRFUmFCTE5OdGc?oc=5;irrelevante
2026-03-19 05:46:34;tjrj.jus.br;N/A;Sem Termos TI;Terminal - Sophia Biblioteca Web - tjrj.jus.br;https://news.google.com/rss/articles/CBMi0gJBVV95cUxNZ2h5c1JrR2NsMVppRURtb1NDU3lnWEY0d2w4SmRsWV9kUzd2eFQtT1VZcEhmMWZTNGFFcUw3bVJ4MGlkNHdqa3RkUHBCVkJGRGNLOWVuZUR0WDFkd3N3SFFqRUt0SjJCX3hINk5mcUxPeVdRVWt6bVFsTWZLc0JldDg3Y0NtX2dyUHpNdkVjZ1JEa2Q0a2d4Q1o3bXZqaVlITFRnMHZwYW1ZMUphNFN4MzBfVWxvdTQwSWFPSi11c1B6UXZCejVfMjdiMEhPMXNoeW15dDRBal9fVzdDWkpkTXU2ZWdrSTEzYkFzRmN0LTRyTEFyT2hlWDlKeVZsSUxJV09CX29qV01FRHFUWW1VSDJRN2cwTXpxOHFqUTYxbjFHQ3hQZHRTRGxrTVBkRGdyWERkelk5NjRhaElmLW1LbHNWTGJENXIzREEyVW1fbUE1dw?oc=5;irrelevante
2026-03-18 23:31:26;tjrj.jus.br;N/A;Sem Termos TI;Terminal - Sophia Biblioteca Web - tjrj.jus.br;https://news.google.com/rss/articles/CBMidkFVX3lxTE5QWGhLSGFicVZ0T2hJSkl4MHJGOUJzbGh6Y0FSV1JudHZDeUZsenF1M3l5aVBUT29vR1FTaDg0MlMzMGVIczB6Si16S2tVV25VblJYdFYtanBfN29DQmttd3hpWWpXRVZEQm91RUJEeUE3U3ltcHc?oc=5;irrelevante
2026-03-19 13:45:35;tjrj.jus.br;N/A;Sem Termos TI;Terminal - Sophia Biblioteca Web - tjrj.jus.br;https://news.google.com/rss/articles/CBMi0AJBVV95cUxORGp6UW9BZWZ5SFdBVkhuVVBleS1kWG43VkxCV21uU0ZpVE83eUY0T1V1NHRnV0pDTkZJcUVLUjNCV0NKTGlzOTdyQjFDRXQ3SWtMOV9lVXZKV3RtM2RudmhBbThNbnd6elVzeFdTeVUtUVMyNDlicnJjeWJ6em5PaHhiODNUSUw2N0ptMk5maTNGNjFOaE9Wc2xHelhhV09wMVJycHB5cURSQm5OUERJWUJXdjY2MmJuWW95TTZvWVh3ZkM2NDBhNXhTSGd6OGt3THVpcjAzRWRaT2dnMWhmQUlaNkZWMVhObzFBemJtNWxDcEF6NEdBS2txLTQwOUc1VC1hTllNcmxBZFdoMXFmblktSmhtR19YcUxqc0ZsZ3luNng0azlWMTlrblhpQ0hBQ2ZoYlVmRXZZR0hSYWdHQS12WGJZRUtKQm9SazdpMUc?oc=5;irrelevante
2026-03-19 19:08:22;pje.tjba.jus.br;pje;pje;PJe - Processo Judicial Eletrônico - pje.tjba.jus.br;https://news.google.com/rss/articles/CBMiU0FVX3lxTFA2YUhhNVlTZ0sxbXc3QjRvZl9EVTJDVVRLaDl4c0VQSlgySEZ0UUM5ZFlOMUxmelBRZXhmNDJTMEY4eXVqUzNFdXEtVmN2c2l2Z2g0?oc=5;novo
2026-03-18 20:45:00;Tribunal de Justiça do Estado da Bahia;N/A;Sem Termos TI;Agência de Notícias - Tribunal de Justiça do Estado da Bahia;https://news.google.com/rss/articles/CBMi1wFBVV95cUxPeDBWaEQza0FHQTRSVEdDX3FfbHNYczZJQXg5RHFuamNJYUJsZ1AyYmdxTGdtMDd6VTdCWTM2b0ljQ3FlOXhjNHhZS2xBQVhNNWJaUGV2eUY0eUZ5NXp6WE4wcjlQWDkwZ3ZVVHVqbk1Oa2pLbnNIWkNjLTNtUDRGR3k3SlJ4dll3R0NxZVNDNDJXc29kNVJsNmNuYS1NLTYySFplX2JacUVIaXFqVkp4cEFTb2VQSzM0TkNERllJc0tuUE9rZkdLQl8wOWVNQXhEeVZfQ2JqUQ?oc=5;irrelevante
2026-03-19 22:23:38;tjes.jus.br;N/A;Sem Termos TI;Abertas inscrições para o Programa de Residência Jurídica no Juízo de Serra - tjes.jus.br;https://news.google.com/rss/articles/CBMiogFBVV95cUxQTmNueEtDMHpUV2JGM3lVY1lqX0dDaTEtY3plSHZFUDEzNkprNkp2RWJQTGFyMGRDdFZHZHVyVllDZHRERmFNMy1EVmEwblpkVFlnNTBDRVNTek5BUkdSeWpCVi1aYW9JWEdZY3VuSmFtWnoxeUh1S2tyMGczU25IRTc4LXc0NGg0X19DSlQ3cWdFQXd0X2t4d21NOVJnc3B1Y1E?oc=5;irrelevante
2026-03-18 18:02:00;Tribunal de Justiça do Estado da Bahia;N/A;Sem Termos TI;Agência de Notícias - Tribunal de Justiça do Estado da Bahia;https://news.google.com/rss/articles/CBMivwFBVV95cUxQVnBlMnJQclFmQkg1WEpaLWg2THVRUmdWNG91XzB5X3dzNnBEMkhkQzE0dl9LQS00VldaTUdKQ3N4RGgzMkI3Tmh3T3p3TU1rSndHZVB5dTFFZ1ZWdENiQTdyYTVmdGZZbm9wbFdyQjI2VGxVWnYxVmpTN094anJqSjkwRkF3aHJyMk16MFJqVGpMWGRQbXdabnZxN3VZeXprSHN1TzNRSDBTckI4NEtmSEN0T2JkM0pCRmtOVVNjTQ?oc=5;irrelevante
2026-03-19 05:57:00;TRT-MG;;;TRT-MG reconhece dispensa discriminatória após reclamações em grupo de WhatsApp e mantém indenizações a motorista carreteiro - TRT-MG;https://news.google.com/rss/articles/CBMirgJBVV95cUxOMmE2cE1idXZ4dnVtcFQwekFPekNwRXk0bjJOQjN5Q3VFaW1EY2F6QjlvdWNDUEJGWUJXTE1wX3p3UUdPZ1h1QVNqMmw5bXJiYWc1blAtbi1OMmc5TVZsNUhuOGhBbHp1cVZCaW1GbWVSMVFVa1gtaGpNYjRaN1B6emsyMWs4azgycmQ1cjN5SFpiaFF3NWdUZDYwWmFkMzdFVzFKcEdQM1ptaGpiYzRSU2xZOThNRHpMRHBzRWN5NS1CbXFINlRJYkM2WnpHWm1XRHJMVnA5VVM5czdiWUF6dFBSU3pKWkVoN0NBLTlkdWhWU0JqSTFOcUJlM3J3aTJpWkhmUnRjaHBmcGpDWGZjX256R2N5OE13NEh3MmV6ci1YYmNmVmlIekgxMUlwQQ?oc=5;repetido
2026-03-20 12:57:00;TRF1;;;Segurança da Informação, contratações e IA são destaques em reunião do Comitê Gestor de TI do TRF1 - TRF1;https://news.google.com/rss/articles/CBMi0AFBVV95cUxPRzMtYzQtNmk3aE5BdkU5NHJLZFB1VVNBSDhCMlRBT2FMMkhIeVZrS08xT19wSVA4VkRXOF8tWnA0dzUtTGxHLVNxWkxibGJrakNraDF6YjRCMWtqMXhFV2JIdUpiX2tFblp6VEtra0pseDVhc2Z2UER2ZThLbTl0VFRRNHJCbHpHSmpnSlB0Y0VxcGxiZ3Rqa3hpcHJYZlJhZ3VGNF9VRHZZVmdpZEJUb0o2LTJET0ZpYWJZdXBxZkF3bV9JZ3V3STdZVFZXQ01w?oc=5;repetido
2026-03-19 06:32:01;tjma.jus.br;N/A;Sem Termos TI;- Relatórios - tjma.jus.br;https://news.google.com/rss/articles/CBMipAFBVV95cUxQTjJ5alNYandYZFVEX1lPcUtWb2p5TmNnRmR0cWQtWW9BVXNPbzFaMXBDaXdmX1gtUUJDWm9ORTdFMVdJY3hVa0lHWmJQQS1KRzV0aEhHTVhYdGhUVDhaYVBOUDVSeEt4UGk5ZExIbjZ5dTdQalhHYjlKbzJfcUpMVlRtMnFMMnRsZVZWZ2lpV0tkb0F2RHpfaTAtSnRKRHliVkNGVQ?oc=5;irrelevante
2026-03-18 17:59:41;TRT13;;;CERTIDÃO: Certifico que até a presente data, 09 de fevereiro de 2026, não houve agendamento de reunião para o Comitê Gestor - TRT13;https://news.google.com/rss/articles/CBMimAFBVV95cUxPMVMwaFhHd3Y0bEY0b2RaMUQ3SFVIYnNoRXFRY21ydHVUYmRRa1NWSEZEcEZNQ3JiX0kzYWxCSVVLQkZQZV9CQlJZSGt6RFBrU2pMMHZuOS11QmxWRFZrQ1ZjVHpJYUVYRHhJZWllalhKZmNlMjhib0luYWFCY3NQV3ZzZ1R5X29VN1pYX0VFdGtTcHFfem10cQ?oc=5;repetido
2026-03-20 19:08:00;TRF4;N/A;Sem Termos TI;Dois homens são condenados por lavagem de dinheiro oriundo do tráfico internacional de drogas - TRF4;https://news.google.com/rss/articles/CBMijgFBVV95cUxPZEFPdjRaZHVyR2xOOWNNWGpORnNtU010aTdjckVXTmRrS1NBcVFpc2t6aGxNc25ScWs3WkxhbHozTGJNNkl6LXNRWjNJNVcyV0w3cGNfa2tmU0k1YnltMVdCcTNaTVJncUNodEVlTnhVMDhPQlk5RFc5NW1OaW9tbUhlZlJUT1dmYWVEQlZR?oc=5;irrelevante
2026-03-20 19:29:00;TRF4;N/A;Sem Termos TI;TRF4 mantém medidas de recuperação ambiental em caso envolvendo mina de carvão abandonada - TRF4;https://news.google.com/rss/articles/CBMijgFBVV95cUxOQ2p6VW0wNERLYkpPaXZaTEJRUXNtdWViTWhDWUZkaDdKakNNdkY5TUU3SGVFcEI2VWhvSHdKYllBa3pXaC1wUkhjZjMyM1NzdEhEdGpKeGNCUjkwNFVtdl9GZldwX3Nrb29CWllYTFgzb0tIWVgtb3Iwem43MEhYYWJHQkNmNmwtM3N0UjdB?oc=5;irrelevante
2026-03-20 19:25:00;TRF4;N/A;Sem Termos TI;Direção da Academia Catarinense de Letras Jurídicas visita a JFSC - TRF4;https://news.google.com/rss/articles/CBMijgFBVV95cUxOd0UzWFZHdllEbXlkdGptQy1lWGNDc21Fck44b2wyQ2NoVFhXTW5Mc203QV8wS1lkb1ZJYndoNFg2TEdmZXZwS2RrV25xUjNaa3h3cXAzay0xcGFLd1h1TlRtcXRNZTg1NWNLUlFnMng4MWpmdGZVZGh5by1yc05ES2U4U1FVMGF0WjNJWTF3?oc=5;irrelevante
2026-03-20 18:46:00;TRF4;N/A;Sem Termos TI;Juiz ambiental de Florianópolis participa do encontro Entre Rios e Florestas - TRF4;https://news.google.com/rss/articles/CBMijgFBVV95cUxNLURMZGZMTHhxejlEckFrOXJBc1h4UGxtR09udEdadG9XdWx4OWRyajRqYllBUTI3SXJ4TWZvbnRwX2IyeWpNYXVBSE11MmNyTXVGMXdJYzlBa052WjR6SVA2YXNGWlNHVUxDSmZ5THMwZE1zLWZ3U1RLa1pqUnZDYllxWmN2Qjc2ZndFTWp3?oc=5;irrelevante
2026-03-20 10:23:55;Portal CNJ;N/A;Sem Termos TI;Evento no TJBA discute a gestão da política nacional de segurança do Poder Judiciário - Portal CNJ;https://news.google.com/rss/articles/CBMirgFBVV95cUxQQUtFR1J5TFF2ci0yX05QUEVQSXo4QVpfM01lUjJ2SDlKT2hBLXVDQ1lXZXR2cE1mcXIwQTdKRDNxaTcyX3l3bzlzczNrbFVwQlNSdmFwaDFzVWdqR0hkUGRyelpOaEtweFlBNl9wX2xyUkFBaHN0cGlzc0t1VHRTaG9fMEZiU0N3WVJyQ3hvOUlMYTJzWWJUeDN5Y2NJWEE2RUROMFdvSDE5SDMxbFE?oc=5;irrelevante
2026-03-20 18:00:00;TRF4;N/A;Sem Termos TI;Comitê de Governança do SEI debate aprimoramento de gestão do sistema na 4ª Região - TRF4;https://news.google.com/rss/articles/CBMijgFBVV95cUxNOHQyYXEyYmljNXBRTlZkeGdaVC1qcTJ6QnZsbEY3MHJzU0dCQ096c1RMQUsyUnlaTjl2ZTgzWlFrLWc1UDlpXzJpUG1QSUtqa0g2Ml83UDFfOTlRVnhVLVBYUGxZY0VTaDc0aXRKcmVfNDZ6QTZvbl85aFV6SDhtbllBR21TRVI5LXlkUWRn?oc=5;irrelevante
2026-03-18 16:50:09;Biblioteca Digital TRT-1;N/A;Sem Termos TI;0100186-58.2024.5.01.0512 - DEJT - Biblioteca Digital TRT-1;https://news.google.com/rss/articles/CBMicEFVX3lxTE1KY0NvQmp6cEppV1JBdlBWODFNdWpHUG8yTzYwUDU5MUt1Q1lLV19iVGxfTnh5dTZFRV95ZENFRlFzblBYcEZvOUowNG5TSmxua21vd2Q0TUFGTlhFMWZHOE9RLUZvN3JoYkpVV2FhOXc?oc=5;irrelevante
2026-03-18 18:28:11;Biblioteca Digital TRT-1;N/A;Sem Termos TI;0100122-90.2021.5.01.0241 - DEJT 2023-10-13 - Biblioteca Digital TRT-1;https://news.google.com/rss/articles/CBMifkFVX3lxTE94UHcwbm5iejNXTW9HMENlcV9OVFFOMFNjd0l4WmtNeTkzYkVRbGhLeUtRTWZRbEU1cHdlLXZNd2lCWm9lcnl0ZzBIWTRrMVVpMkppTXhUZUtyWmd6TVBDbThIVENVWl9RRlVsUkljdUo5VlYxOVBkMG9vOWZJQQ?oc=5;irrelevante
2026-03-19 00:46:47;Biblioteca Digital TRT-1;N/A;Sem Termos TI;0101088-80.2022.5.01.0059 - DEJT 2024-09-23 - Biblioteca Digital TRT-1;https://news.google.com/rss/articles/CBMifkFVX3lxTE00aGFBa3NLdm5JdHZtU2JydkNDeE1xaHlOaUZyNlpVdzhYN2FLdkUxWGZJN0E3WE5meGZSMGRVbVVsdlNsbnVBYVphMzdQcWZKUDNOT2xvSUhhMUJSaUt5NzJqdHppUEstb1cyVEVsV1RsRENVcEpTWnNVRExndw?oc=5;irrelevante
2026-03-19 00:05:01;Biblioteca Digital TRT-1;N/A;Sem Termos TI;Biblioteca Digital TRT-1 - Biblioteca Digital TRT-1;https://news.google.com/rss/articles/CBMiyARBVV95cUxQUTBfZkhYRFhsckRwWEJzQ2pzd3NzVmdWVHBQNjQwVExXd0FkQTZyV2kwTE1xSGt2UU5mYUdNWTNFM1lkZEw3UF93ZlpOTVAzLU80cFZGUmg2bFo4TjM5VmIyRGw0UmI3XzJueGQ5RldZOTU4ZFRWSDNLOWh3YmdoUi1PRzM0T2lYYkRKWGpYeks1d0VPOS1wazdPMUYtUkNocjJlWVdqRlBEZ3ppeGp0bEVYUm13dno5ZFZOazEwUW42VTEyTDAwZmFTX2NhMGlhLW1KSC03T2NRSWtCbTJBek41YTAxeDl1LVJMMTJFTFI3OUpIdzh3QTVzRlJLZGtjMzU3U0NISjVlLS14SzB5bXZsY2VyVE5YMkhDS0NNelhjNTdaV1lEa3hCTFVPaExFRjZZeE00SURjRmEwVTEwMXlzNFdjRl8zY2RoakQySTJtNE9UN0dYZWhqekdCSV9lMDd4WkoyNWtzZ2RoUUZQZDFGTi1Mb0RxV2lLeEtTYmpMZnJ0LUpCZUF3WXBya2ZRNnM5ZC1iREZoX0Z6RTZjdWNTOF83eWxmb0MzakpGLXNBUzBFclVjRVJBSEdkeVkyTDFGQ0pTNXJCbFM4djExaXJOb3ZPM0RCcTJzWTJBZHhENnBGVVdkYUVRZGxMWlBjeUJ6ZVRFcF84QlExWmFhSTdGdFBSbWVRSmZpOEpvQlZvVkN1VkNJUGRYVkxUSWQ4RVlwSVlDeHhXME5Xek0zZnRUM1lQckt6MzItY2pjdEQ2eFN5SkxSTQ?oc=5;irrelevante
2026-03-18 22:19:03;Biblioteca Digital TRT-1;N/A;Sem Termos TI;0100186-58.2024.5.01.0512 - DEJT - Biblioteca Digital TRT-1;https://news.google.com/rss/articles/CBMifkFVX3lxTE5qc0VZNmlKb3p5QUlBQjc4TE9XTkpzT3VfZEFEVnUyOWdxUnZYaUdVQmlvdFNfUWhEV0hCRklmaGJpUGFyN1ZEa202QnZ0YWpUTURVR2VacVZva3g2NWg5NnkyZDEzU0tpOEZXQ0pGX1ZtQ2Z3Y0Z5T3hTckEtdw?oc=5;irrelevante
2026-03-18 16:56:41;Biblioteca Digital TRT-1;N/A;Sem Termos TI;0100016-07.2024.5.01.0021 - DEJT 2024-08-19 - Biblioteca Digital TRT-1;https://news.google.com/rss/articles/CBMicEFVX3lxTE96Y29DY3hPNHVSSTNzQUoxUmFFeDdRdnc3eklQRzBySEZHanJ6MWVrYXhSd1YzRHlxZFJRVGNORHVxcTRRS1hPUFJtbTA1aXlTZTZ1bGNyeEd0OV9Qdy03LTFNdXN1NEF4TEx0VWZ1d1o?oc=5;irrelevante
2026-03-18 22:17:16;Biblioteca Digital TRT-1;N/A;Sem Termos TI;0100016-07.2024.5.01.0021 - DEJT 2024-08-19 - Biblioteca Digital TRT-1;https://news.google.com/rss/articles/CBMifkFVX3lxTE9MbWV6UEtybHE0RTFJWTBoUmh0aS1qcHRPbzVYNUs3NEhzT1lCbU5zRFBVN3J4cjIzSVBTa3NtOHpoX1dYQVp1WUpzSU9FMnNTVUo4NFZKVndKMGRsd081OGVzS3VkN2xjaXg4NmtMdWRucGRGSWEtQndlOGZ0dw?oc=5;irrelevante
2026-03-19 23:07:35;tjrj.jus.br;;;Tribunal de Justiça do Estado do Rio de Janeiro - tjrj.jus.br;https://news.google.com/rss/articles/CBMilwFBVV95cUxORHhLaV9nNmh2dEI5TFRHbGJ1cmI4SFgtUGNMa1lHR2l2UXUzVEc3UHBmMC1kc2VpcDhFMkhLaUZYX2NwMlV1RGRrM0JwWFlQVERvemhDNVRJck1iR2NUdUp3TzJxTnF5c19Md0xMZW9vTllpR0FERnNyMGx5eHlPXzg0dWJCc0FVbzRna3JHM0RJbWk2bzRV?oc=5;repetido
2026-03-19 04:52:15;Biblioteca Digital TRT-1;N/A;Sem Termos TI;Buscando no repositório - Biblioteca Digital TRT-1;https://news.google.com/rss/articles/CBMi9AFBVV95cUxPTzV4dkRLazA0bUJEbDlYYUVvckFSaXZpMjNZOEdnUTJreEVSYWpWb0NtS2lwT2hXaS1Xdjd5MzY1bWt5OEZsZHdPdXYyRlJVdmhSbmpfQVFzUFE0VWRsbTJSYXhWMjZWeHpLRndVZ00tSkNqS3V6M1gzLUFKZTdKbUQtWHM2bzdndVVfR3ZOMGJhenRBU3pnWE9YX3U1WndwVklhLVNybGJDVW5MY3RmUk9OYm12NENGajJOTkVBallSU0tyMlVFUDhiUXllTmk1eGNGdVFvVWVGWjIxRE1IclZEellpeEh2eENlajBmNE00bEJ3?oc=5;irrelevante
2026-03-19 14:46:43;TRT2;N/A;Sem Termos TI;Dispensa de trabalhadora trans às vésperas de cirurgia é considerada discriminatória - TRT2;https://news.google.com/rss/articles/CBMizwFBVV95cUxNcEItN0NfWFZEam1neWFQVm02TllqNHVKemFzQ1RpeGZYcWlTbUh4NnNjMV8zckpHaDlmNWNVNTd0NDhuZm1zTUczWkxiWW9uS0d1dGVjRG0tYkxta0ZKYWFxR2NDdmY0VnRGX1FBR3BEeEtwS0Z6VHVTQk5zWk9DNjNBSDZKUm1NZXBnZnFxT2w5SXE3VURZR3pPRjJQeVB5TjVWc1RQZVNNakVKYk9MYTlIVjhEdUJjZlgxYmwyWjVBUld2M09IampGNTYwcWs?oc=5;irrelevante
2026-03-18 20:00:00;tjrj.jus.br;;;CNJ estabelece diretrizes para o processamento da recuperação judicial e da falência de produtor rural - tjrj.jus.br;https://news.google.com/rss/articles/CBMipwFBVV95cUxPd0RlMEo3WWNVaUxpcVJjU256eGdtaXk5ZGsxV1hESXBKcVgtV2NkTXNVZGdXaXFWdXozSk9QZnVlSGRKZ3NZaWJGd3Z3cS1OSFF4aDNqU2xtWHdhNmNXcHJCdXVYSnRlZU5yazNZckFyOXM0cTlxSmF3aFphSjZHUVNNekVvcGRNVUZoQ2xEZDVrZi1xeFVtVFNrQVlrZkhQT0tIMFJRVQ?oc=5;repetido
2026-03-20 10:37:31;tjrj.jus.br;;;Cadastros de Insumos de Qualidade - CIQ - tjrj.jus.br;https://news.google.com/rss/articles/CBMiqgFBVV95cUxNazFqYkdPbHAtc3JfcF9POTV6V1JVcXk0UzFDRXNfSU9iSEN5RFhLbktJZlhhMG4zZGJqZ3hSaGRORV85RlpnUktSaURBSGdVSEhzVHFNTzdJTFRzd21BZkYtMkctMG1SbmZRTTNRbHNXT3RLZjBrNEZuWFRfT3gyQ3VzcFg1V3dEdHFwbVFOV3Q3UkR2Q0p3Zk5Ba2t3SFhBdktQNGh4bTdxZw?oc=5;repetido
2026-03-19 14:14:00;tjrj.jus.br;;;Facebook indenizará usuário que teve a conta invadida e utilizada em golpes - tjrj.jus.br;https://news.google.com/rss/articles/CBMipwFBVV95cUxNZk9WTkhrVVRiX2tncFVEUEFCMzVVRmlyZ0N2RTQyWE9rb0JDYm1PUjFVdEpRd1Y0MDNhZDNqVm5jR1VsSFN0Y3M3R1Q2YmIxcTBrV0hVMjBRbXdQWjAwUTNITnJvdHI2elFCSW5VQUR5bDVtRjQ2UVZDRnhLS043aUo0VXRWc25VeGZzSGJ2OVRLNVp0V1d1ZzRGRldkNjlKU01BSy1PUQ?oc=5;repetido
2026-03-20 10:37:31;tjrj.jus.br;;;Secretaria-Geral de Planejamento, Coordenação e Finanças (SGPCF) - tjrj.jus.br;https://news.google.com/rss/articles/CBMi4AFBVV95cUxOUmtvd3hlZTdPWFdFdFplMlE4NWY4QUZHOTkxVlk1bkhYR2dnaEZWV0daS2ppQjJnZ0t0VFBRakYzTURfb0dyT0JVYml4b0ZGNUNzdnJiQ0w4VTItaE0xSm9iWXRTR3lQdTloU2tGeWlVcW9qR2YzbUhhTm00S2t2V190MF8tcFVtWXd6bUpKaEZ1TVlLRjJZeGYzcU5CcWRxdkFVdngxNEZzT1ZDaU9KTjNvWTBoaFRyb054cUtROXhYU1I4blFNMm5ScUFRUVFSOXBBdkYyVEg1M3AtSnhHaQ?oc=5;repetido
2026-03-19 20:54:00;tjrj.jus.br;;;Revista de Direito do TJRJ publica artigo sobre poderes do juiz e eficiência no processo - tjrj.jus.br;https://news.google.com/rss/articles/CBMipwFBVV95cUxPVlhsUU04OXl4WFpqa1NZVWpYdm9wa2ZnQWNkMlIySUZxanI3Z0xzYWpqRVJVWDI5S2lhNHhHWUZ4WDZpbkpMU3pYWU5OZ0ZOTmM0TGo3YnlWdGEzR2xRRWFZeU14VnYxTU9zN2xnSWphLVBrcnFLQTVoaFVwekM2WTNJOHhMb09LaVVOOEFZUnNyUjlRbTZGYTA1VU84YVhJYnQ0Xzdkbw?oc=5;repetido
2026-03-20 02:01:10;tjrj.jus.br;;;Painel da CODAT – Dívida Ativa - tjrj.jus.br;https://news.google.com/rss/articles/CBMiowFBVV95cUxNV1g5eGxWN0ZXWE9jd1ZyMWNwclV5STQ2Yk5KdkpjejAtV2hLSUI0UE0tdDI3cHpQb21SaUJsVDc4MGlvNVZDdUF2Q0tyYVM0ZmlPdmswbEZ0TGhhUG9iRmhTaWdLeXVBOElaWDl0RTVMWk93RWpSLUdCbWxPd1FsaGlLb1NsMWgzNWhKaFhYSmk5RXJGUEhYQnlEa2ljYTlmM3BZ?oc=5;repetido
2026-03-20 15:11:00;tjrj.jus.br;;;Homem é condenado por atropelar mulher na faixa exclusiva do BRT - tjrj.jus.br;https://news.google.com/rss/articles/CBMipwFBVV95cUxOSUwzRTkwYmRaVEY0aU1JRkZFb1h5d1NyRXFkdjVLd3QzdTNmZzV5dU9acG50X3otLVNyQUx3VGsxRTVIMlp5c0VZdmlGOE85Sk9reFRrZ1B4TXRaV3l5T1BmaEt2OHJlQkdhQmwxZlVLVzJ0U2txLV9IOHE3QndmV2NPSFRpa3pwVTlqal9fMnhOM0xlTVRuS3BPbmVyc0FsUjBQblFGNA?oc=5;repetido
2026-03-19 19:25:18;tjrj.jus.br;;;Corregedoria Geral da Justiça do Estado do Rio de Janeiro - tjrj.jus.br;https://news.google.com/rss/articles/CBMivwFBVV95cUxPRFMxaU1NQ2RDZmJDU0RFYWhFdnJHQVFWNkJyZFc0TzRGX3kzRTItd3p0bTlaY2pnM2l3ckxTdWl4eF8wanA0SHRpLVgxbW9BRm1lcnVmVHFaMmVXM3RCai1VY1gyVWh3czdsYkR2VTUzdThVTGFSd0lGT0lTN2hPYjhGRENOYWZHcXhaTlY3M25IeUFocDRRY2x1U1ZsV05KalUxX3V2Q0I5WGQ4YVhVcWh5SjlldWpQQmpFZEhnZw?oc=5;repetido
2026-03-19 05:46:38;tjrj.jus.br;N/A;Sem Termos TI;Terminal - Sophia Biblioteca Web - tjrj.jus.br;https://news.google.com/rss/articles/CBMi0AJBVV95cUxNbnp3OE5ILUFmMVVvNU1xc2xUR1dQWXZqTUpnei1FZmx5dlZVYTZNcFFycFpfdl82eVFsSWt6b0JzUk5OaTNRa3NEc1hIaGdHNEZCdUxuU2lKZDBFenFSekt2dk00VFlNYlBmQ3BTNzBYTVVqQzJhTjdlcFVxQUc0YWFRdmx1UGp4UWlnd0ZmYjh6WUktVklmN3RHWGM2VWxTSF9GUnJDWWhQY3hvU3l3LUpTdUt1dF9qRk9QalNkSlRHNmE5QWhkVVlUNDJEdU5ZaFE5WTducHFCV2pfeTdMRWNTNWhqZ2xyV0Y4eUhOUDFqcUV5N2pUYmROMkxIOVBZMEV1V25jdjgyNjhXWkdyU1VEdTgtSzFMSWJCT04xNTZQWm9PSWJnUmo0dmdyenhINjN1Smx5MnFGbGJxdVlDRmM3dUFIZTljWHdTTlhXMEQ?oc=5;irrelevante
2026-03-18 18:51:00;stf noticias;N/A;Sem Termos TI;A pedido da PF, STF prorroga investigação sobre compra do Banco Master pelo BRB - stf noticias;https://news.google.com/rss/articles/CBMivgFBVV95cUxQb0trN0Y1cS1aR1JOc2FTN0RpZWd3TW1zOHhrT0pWdlFwNDBxMVNfY1hBNU9oOWxhNUpYTWNMZGJXVmNrS2JPREsxc2YwRkZ2cFVkdWJnMzhQVkc2TW1wSWJJeW9TXzVlTmt6X2Nfc2NMQmprby1VSGswd2FVMVpNSWxDaG1ka3M5dTQzUkdzVVRuS1NOV3pSN05DZkVLSXlDeW5nYmhBcVJ2U3AxTG5uTlYwTDFHb0hUM1RpRFpn?oc=5;irrelevante
2026-03-19 00:03:00;stf noticias;N/A;Sem Termos TI;STF vai discutir se constrangimento da vítima em audiência de processo por estupro tem repercussão geral - stf noticias;https://news.google.com/rss/articles/CBMi5AFBVV95cUxQZG5jbzh0bjJMakZKTEFrUGNFYWd1R25zM1lkN2ttdl9sV1JWTTdORHBLZGtUcTFDZUxwVlhjdVJoSTk1MEdKQjRNME9mOTdLdFQ0S1g3Qm5CZWhSMFNMYTFqMG90cUhPZVh1eldmSmxYd1B6b0FWVlVfY2JORUh3Tjl5eHRrekdmSDVwb0JWUkVuckppbF9uMVlaRkx6RDJKYUs4d2NwRG5jWUQxcEhacjBOdlNYQUZ0VXpWOVBtREpfTkNBQXc1UzFTcG9fa0RPX3NUTHYydkUtNDMwekxObTB2dzg?oc=5;irrelevante
2026-03-19 00:32:00;stf noticias;N/A;Sem Termos TI;STF julga normas para compra de terras por empresas brasileiras controladas por estrangeiros - stf noticias;https://news.google.com/rss/articles/CBMizwFBVV95cUxPdkpUWWZMZDFjcUFlVGNXVmZ0LXNpd2lwOFNXNEF6cVpXRi1tai1LemVKWHRkZmdYbUxKOS1DaC1MTmZxRmVaRDdXekJWZTdkVkJrbTdWTmhDd1NXWW1LTlJNT3dGVm04YVk2Y2dQM0dTMXBTM0RIZGJTbTJIVHRfU1FEaGdzX0JlWjNmbTQyMzN3QXhGZVZ3MFQ4dUF0NF9ZUVZUQlpBd1VfMUs0YklTRUxKR2swbHhoSG16a1FLeUxMeWllWmhSeHlSaUJLaU0?oc=5;irrelevante
2026-03-19 15:30:00;stf noticias;N/A;Sem Termos TI;Avalie o portal do STF e ajude a aprimorar o acesso às informações - stf noticias;https://news.google.com/rss/articles/CBMirgFBVV95cUxQQmRINDJUZTVuanFCNEtFd0ppZmhOQUgzLVc5SklhakpmcVE2U3lyRTVfNk4ya3Rzb2cxbFZiOW5TNWlEQmNVOGVtbi1tUjhyd3JMSVVLY2dycWVqemlST3UtQUdEamJZdmRZUEd5VFpXNTJmMEhMWm9yZnhSQmdGQzRHdG9IbzNnZi04MThkd0x2UlpoQ0Q0X3RLU2NWSmFieWRieVg0UnhyYkE2NHc?oc=5;irrelevante
2026-03-19 22:20:00;stf noticias;N/A;Sem Termos TI;STF confirma prazo de filiação para partidos criados antes da minirreforma eleitoral de 2015 - stf noticias;https://news.google.com/rss/articles/CBMi0AFBVV95cUxNT0txbENmVm1UaHphMDd5RFRHeHppNGFwLUNDME5MeVVPQWZ6bExqbGd0czM4eXhkRUNLSDMxVWlfbzhTM2U4M0ZZMVhSNkpWZDRNdEdwM3BBZnY4OWVfQk4xOTd6eTJleXAxM1JPN25rQXpqb2VSNC1peXJRSU5xdHNkZnlId2tLQnRheEJEZHQwVHdsUmJkVVptN3hqVGZOVXMwYnBQNUw3UXVZUWFkV1VuanhCaEV1RTF6LXhWektCclNtM3ktVlAyaVZMNEtU?oc=5;irrelevante
2026-03-20 14:25:00;stf noticias;N/A;Sem Termos TI;STF nega omissão de governos do Piauí e do Pará na criação de polícias penais - stf noticias;https://news.google.com/rss/articles/CBMivAFBVV95cUxOTWpHNDFrWjFrYk12bzhZNGNYQ3FvVGR2ZXAyWWlNQjh5aVR4ZTNITlZiNlVVLW1leGNGX0hFMnFKWHlLUy05cG5USjhGZXB4NFpDeWpPQmpmdmdQM1VZc0hCSFRZX3BsY0FzRDh6S1drZXlPQ2IwdHFXNlR0ODR3eGFsR2hySVg5RWFEcGpVazhZQ3M4TUNmUnVIeU5naWtia3JPbnd6cVowMGk0NG96NVlCeXNQNm9UUnVvQQ?oc=5;irrelevante
2026-03-19 13:21:00;stf noticias;N/A;Sem Termos TI;Confira a pauta do STF desta quinta-feira (19) - stf noticias;https://news.google.com/rss/articles/CBMikwFBVV95cUxPWndnb3pOSVRWcmswbDFMSl95Mm5oSFB6V3YtQXU0RHJfM1RnRnFLa3FCTTNpMDJjSVphWldwaUh5UjB3aTROU2RtZEJfazB1b2tsSGVuQWgwNTljd25wMHdPVWx6VXVQdkRxdGhKU2RSckhxcFpZX1BNRnQ3X0NPcWpPVjZYVGNSeDJLb3hIN2RHNTA?oc=5;irrelevante
2026-03-20 00:35:00;stf noticias;N/A;Sem Termos TI;STF encaminha ações sobre restrições a benefícios por acordos ambientais para solução consensual - stf noticias;https://news.google.com/rss/articles/CBMi1gFBVV95cUxOUTk1anJTb21GNzRiMVhFcWtxZDBGMXNEQkhyZmYwU2kzWmIzM2xsZWJBVW01TmVmRmFMUUttcUMzbVA3NTZWUmRON1FNMEZFTzZPVUJyUlB6WHNPUkxrZlhTSll4dnk3SUNxcGNvZS1fcmhyMnN4N2swRG1tdG5VT1FkeFNfd1JBVFJwUG94Ujh5NzRqVTNEM2owd0xPak9kWTVtd1ZqZlphOThnSkFzVFUtMHNGcU5VaVlKSFlOWWtIcGYzZ1Z4bmJNYUk1UWY4V19vQ1VB?oc=5;irrelevante
2026-03-19 19:19:00;stf noticias;N/A;Sem Termos TI;Plenário homenageia ministro Alexandre de Moraes pelos nove anos no STF - stf noticias;https://news.google.com/rss/articles/CBMitAFBVV95cUxPZWpwQl9oMlM4NFAxSl9kSkZUWE4xazZYVGIxM0tRQ1lYUW9qd25acEFpaU4wQ3RGOE1HaDlmTUhfS1NnOTdxQk1EbjBWWHBIZlRTTUFhS0ZMQ0VmdWF6ZUlWR21RQkVJcjlPOTNQSGVPdFdBNGpwaE9BWDBPNnkxYkE4RnVsN3NuUTBwdVNYZ3VEN3FISVhQcklyTzFmMDJHQzB2S0x2cVlEVVU5a2VSNnI0aFI?oc=5;irrelevante
2026-03-20 14:01:00;stf noticias;N/A;Sem Termos TI;Confira os destaques do Plenário Virtual - stf noticias;https://news.google.com/rss/articles/CBMijgFBVV95cUxOVHF1OXJSb1JJNG1vYjNjaTE4OXNCTXdTZHNOakgxSlh6STVpZmFMMXowRDdBbVV1ZVYwUFpTamswTVQ3d0xVWm56dFJVR3RJTk1NS3p0bzFoaWtBa1JGY1gwdmtBYXpZQ0puWmhCWU1EZG53MHNVbHVPbE5kaTNYYkFhU0RpZUlCVmc3Vy13?oc=5;irrelevante
2026-03-19 20:35:00;stf noticias;N/A;Sem Termos TI;Partido questiona leis do Espírito Santo que condicionam benefícios fiscais à produção no estado - stf noticias;https://news.google.com/rss/articles/CBMi1gFBVV95cUxQd3dXQzdPRlJDZnQ3VUx2aURtQWwtWnkzOFhDelV0bDhNYUtPMEJCbmRWRUstcGVfQ2M3d0NkTk9wVjlWLTJ5RFRyY1NEcUo5RkVUaVpjTHJzdTJEaGhMbW5BQUE2ZkdQWnkyMlQzdy01azRxeWRMdVFrTzl3RElVU3Y0a2tJakotelVya2xZTVNtLVd2RGp5UnVldTRXMHN4RThyaC0yZm5sRGxFZ1diRkd1c3lzNmw2S0tad2dpT2lCUzl2eFE5SjEydVIyMy14ZlllWUNB?oc=5;irrelevante
2026-03-19 20:35:00;stf noticias;N/A;Sem Termos TI;STF tem cinco votos pela validade de restrições à compra de terras por empresas brasileiras controladas por estrangeiros - stf noticias;https://news.google.com/rss/articles/CBMi9gFBVV95cUxNMXRfajVTWUEyUml3RjBOMTN0OGNUbFZobmZVdXU3RFdpb2hKU1c3Q3pwUTlrZHg4VTIxaTc2VFRWVVdqUUxrZ20wREUzaVF2ZWJSaG5NZzlOYlpyWVRqUWswZFlyeXpXY2pOQXhCbnZ4ZGViVHdkYUdJMWRDYTJZRkV6LVZNMFppbmpiMWdTZGRNLU9PZzhYNmNnOG1TUUxjNlNJeXpyelk3UkRpb1EwQWVHWTI3cHd4Q1pXWi1ickpxU1ZqTW1XY0hfZ0ZYUi0wNWlINEYtaldaWDlkSy0zMGtxWVVwTzZKbDNoVkg1VGRPcC1pcWc?oc=5;irrelevante
2026-03-18 16:53:00;stf noticias;N/A;Sem Termos TI;Ministra Cármen Lúcia alerta para violência política de gênero em aula magna - stf noticias;https://news.google.com/rss/articles/CBMiuwFBVV95cUxNdnh5VWxNYmkxdzU0WUs5RFl2X1M4TlhJOUZ3d3hkMG5FRFh0U1NMbVZDX0tzSTdVMXV6SGVJVmtUcXdCcHBHQ05xZUZCTk5ZdlBYUThyV1NRZXRGT3FZbXlCUGtwWTgzZFh2SVV0SkgzMklPM0NuUTV4VFp5dHNpOEFoUG42Z0F1dGRtZ3ZxTVkxSUZGYnVPMlJyZklFQmxEU2xCdTVnRmRnaVU2VnduNVpITnBaT055OVJR?oc=5;irrelevante
2026-03-18 19:33:00;stf noticias;N/A;Sem Termos TI;STF valida leis que criaram cargos comissionados no Ministério Público de Santa Catarina - stf noticias;https://news.google.com/rss/articles/CBMiywFBVV95cUxOdmVsTkpBbXJObFBxMGU4N3dKOXgzZmZxYjBzOG5PLUNBUE5ET2d0bWVMRzBpZWFUSnN0ZmN3M1huUkRPVDlPS3dmblJNM21YYmFsV2RtYWVkZEgxYjRqcEtGTC1QQlJiUHBTajdPa3NVdC1uN2J6Z2Q4dWFwRHJ2RXZCbEktdWpVSlhtSUdpX01HcnJZc0FCU094ZWs0Z1JSRmM5ZVBWTWN6SVp5T3VKSXNwbWprQ3Bncy04V244Z0dtWkwwUlBueHM4TQ?oc=5;irrelevante
2026-03-19 00:45:00;stf noticias;N/A;Sem Termos TI;STF suspende trechos da lei sobre eleição indireta para governador e vice no RJ - stf noticias;https://news.google.com/rss/articles/CBMivwFBVV95cUxPelZjbWNPbG9NalJacGxib19FX0phOGVrTUtRZ3hhdHlNN1FVU0ZyYzR4WTE1V3BZRWJySFhuR2U0Z3hyMnM1ZFBWYUFpWmtzTWdVcUZUenVDSFhYV2VDZmQtSl9iOXFOSUswZHMxWjU3QnJSRzB1bVU2M0VWWlFwT1VsWnBmTldJaXJpWDEwM01RY0tLUFgzR2FlTTdhQnI4RDVsallBLWdjR3hKejAxUGVHV3hoeEVPbXFLX0Fjbw?oc=5;irrelevante
2026-03-18 18:35:00;Governo do Estado do Ceará;;;Hacker é preso pela PCCE por utilizar IA em fraudes financeiras em Fortaleza - Governo do Estado do Ceará;https://news.google.com/rss/articles/CBMiswFBVV95cUxOX1d5cW4tU0hIbmlsdEd1eFhqUFhjRXViYVJZaEg2ZHBPSXJvVW90WTNFSTRPRUhsaVc2VzdfbFFVWjdvUFhWWGNnMld3NURnazhrSkdQV1o0ZXc5a3ZhMnBxTWpYRzlIbnlJVkJxRE9UZEFnbGNqRFBzNU90Y3NjZWJ1bk02VklhSUtUWWRybVFOSWc1U0xKMjg3ZHhYejhzQjhmWUVRbzVCTk9XRVZiRVZ0SQ?oc=5;repetido
2026-03-18 20:50:38;G1;;;PIX fora do ar? Clientes de bancos reclamam de instabilidade - G1;https://news.google.com/rss/articles/CBMiiwFBVV95cUxNLVJSNHhnTy1SeHBQSjh2WnloclZjUjJqOEZITk05OGU2RXdTWlVpajQ5c3BveUo1Y0VreG10RG1Lb1lwX3A1MzVJMFpsYWtxSUt5MUtxOEFPVWRSQTA4dDk3NjNMajZPeDgtbk1SYzFkcklzai1KY0pfVUFya0pWS1RkTzhiR0NYYVdN0gGaAUFVX3lxTFBjMmlBTDF4cGlvVk5LQVd1ZGdfelBoMXRJTVZlbmtVY01sUHcwcUFqWnBRUWpxMWFGYUVSbXhWTktHRnRTc3ctbldCTzNVYVFBZmxpZW85bHktT1lhR3Q2WUNxZjlhUzFqWEpfUTNuckR1dmpIVU44Z3BqMzlFN04tUkU4dFZXY2wyN0NBTUdGajBkYlJkakkwTUE?oc=5;repetido
